name,country_code,sector,description,website,founded_year,source_url,scope_recommendation,confidence,batch
Solinftec,BR,agtech,AI-powered real-time monitoring optimization and traceability of agricultural operations. Precision agriculture robotics platform.,solinftec.com,2007,https://agfundernews.com/data-dive-afns-insights-brazils-agrifoodtech-funding-grows-32-in-q1-2025-after-meagre-2024-performance,include,0.9,br-01
Agrolend,BR,agtech,Digital bank providing agricultural credit solutions to Brazilian farmers. Closed Series C of $52.7M in October 2024.,agrolend.com.br,,https://agfundernews.com/data-dive-afns-insights-brazils-agrifoodtech-funding-grows-32-in-q1-2025-after-meagre-2024-performance,review,0.8,br-01
Agrion Agrisolutions,BR,agbiotech,Produces gradual-release organic mineral fertilizers combining biological inputs with mineral nutrition. Series A $46.2M August 2024.,agrion.ag,,https://agfundernews.com/data-dive-afns-insights-brazils-agrifoodtech-funding-grows-32-in-q1-2025-after-meagre-2024-performance,include,0.9,br-01
Traive,BR,agtech,AI-powered agricultural risk insurance and loan origination platform for agribusiness. Series B $20M February 2024.,traive.com,,https://agfundernews.com/data-dive-afns-insights-brazils-agrifoodtech-funding-grows-32-in-q1-2025-after-meagre-2024-performance,review,0.8,br-01
Vitales,BR,agbiotech,Brazilian biologicals company producing biological crop protection products. Partner of Ginkgo Bioworks for biologicals manufacturing.,vitalesagro.com.br,,https://agfundernews.com/data-dive-afns-insights-brazils-agrifoodtech-funding-grows-32-in-q1-2025-after-meagre-2024-performance,include,0.85,br-01
Symbiomics,BR,bioinputs,Produces microorganism strains for bioinputs: nitrogen fixation plant nutrition phosphorus solubility and pest/pathogen protection.,symbiomics.com.br,2021,https://revistapesquisa.fapesp.br/en/deep-techs-science-based-startups-that-develop-solutions-to-complex-problems-are-gaining-focus-and-interest-in-brazil/,include,0.9,br-01
Inspectral,BR,environmental-biotech,Uses multispectral drone and satellite imagery with AI to analyze water quality forest fire incidence and native forest recovery.,inspectral.com.br,2019,https://revistapesquisa.fapesp.br/en/deep-techs-science-based-startups-that-develop-solutions-to-complex-problems-are-gaining-focus-and-interest-in-brazil/,include,0.85,br-01
Peptidus Biotech,BR,animal-health,Uses generative AI to develop bioactive peptides for therapeutic applications. Flagship product MastPep targets mastitis in cattle.,peptidus.com.br,2021,https://revistapesquisa.fapesp.br/en/deep-techs-science-based-startups-that-develop-solutions-to-complex-problems-are-gaining-focus-and-interest-in-brazil/,include,0.9,br-01
Brain4care,BR,medtech,Noninvasive technology for monitoring intracranial pressure using sensor-equipped headband and AI. Used by 80+ hospitals. Entered US market.,brain4care.com,2014,https://revistapesquisa.fapesp.br/en/deep-techs-science-based-startups-that-develop-solutions-to-complex-problems-are-gaining-focus-and-interest-in-brazil/,include,0.9,br-01
Alice,BR,healthtech,Digital health platform offering employer-sponsored health plans combining technology and primary care. Series C $216M.,alice.com.br,2019,https://www.failory.com/startups/brazil,review,0.8,br-01
Genial Care,BR,healthtech,Health platform specializing in autism spectrum disorder (ASD) care combining applied behavior analysis with technology.,genialcare.com.br,2020,https://www.failory.com/startups/brazil,review,0.75,br-01
Beep Saúde,BR,healthtech,Home healthcare services platform offering at-home medical tests lab results and nursing care across Brazil.,beepsaude.com.br,2016,https://www.failory.com/startups/brazil,review,0.75,br-01
Nagro,BR,agtech,AgriFintech platform providing agricultural credit supply chain financing and digital financial products for Brazilian agribusiness.,nagro.com.br,2017,https://www.failory.com/startups/brazil,review,0.75,br-01
Mombak,BR,climatetech,Nature-based carbon removal through Amazon reforestation. Sells high-quality carbon credits. Series A $150M.,mombak.com,2021,https://www.failory.com/startups/brazil,include,0.85,br-01
Vyro Bio,BR,biotech,Develops oncolytic viral therapy for childhood cancers in the central nervous system. Backed by Vesper ventures.,vyrobio.com,2021,https://vyrobio.com/en/top-5-brazilian-startups/,include,0.9,br-01
InEdita Bio,BR,biotech,Applies gene editing (CRISPR) to produce crop strains resistant to disease. Developing Asian rust-resistant soybean and pest-resistant maize. Backed by Vesper Ventures.,inedita.bio,2022,https://www.labiotech.eu/best-biotech/biotech-startup-companies-brazil/,include,0.9,br-01
TauGC Bioinformatics,BR,bioinformatics,Integrates AI with next-generation sequencing (NGS) for genomic data analysis. Applications in oncology rare diseases agriculture and evolutionary biology.,taugc.com.br,,https://www.labiotech.eu/best-biotech/biotech-startup-companies-brazil/,include,0.85,br-02
Nintx,BR,drug-discovery,Biotech focused on drug discovery and R&D. Secured $10M Series A in December 2024 to accelerate eight new drug programs.,nintx.com.br,,https://agfundernews.com/data-dive-afns-insights-brazils-agrifoodtech-funding-grows-32-in-q1-2025-after-meagre-2024-performance,include,0.85,br-02
Gen-t,BR,genomics,Improves ethnic diversity in human genome sequence collections by collecting genetic data from diverse Brazilian populations and studying disease-associated genetic traits.,gen-t.co,,https://signal.nucleate.xyz/an-overview-of-brazilian-venture-captial-activity-in-biotech/,include,0.85,br-02
Autem Therapeutics,BR,biotech,Cancer therapy company using electrical stimulation of tumor cells. Secured $10M Series A-1 round.,autemtx.com,,https://signal.nucleate.xyz/an-overview-of-brazilian-venture-captial-activity-in-biotech/,include,0.9,br-02
Blooms,BR,agtech,Digital financial platform for Latin American fresh produce exporters providing working capital and supply chain visibility.,blooms.vc,,https://agfundernews.com/data-dive-afns-insights-brazils-agrifoodtech-funding-grows-32-in-q1-2025-after-meagre-2024-performance,review,0.7,br-02
Bionexo,BR,healthtech,B2B health procurement marketplace connecting hospitals clinics and distributors across Brazil. Founded 2000. Private equity backed.,bionexo.com,2000,https://www.failory.com/startups/brazil,review,0.7,br-02
Quantis,BR,medtech,Develops medical devices using human bioidentical proteins. Key product QProtein for dermal filler (human collagen injectable).,quantis.bio,,https://signal.nucleate.xyz/an-overview-of-brazilian-venture-captial-activity-in-biotech/,include,0.8,br-02
Arvo,BR,healthtech,AI-powered platform securing financial transactions within healthcare: medical billing insurance claims and fraud detection.,arvo.com.br,2022,https://www.failory.com/startups/brazil,review,0.7,br-02
Cayena,BR,foodtech,B2B food supplier platform connecting restaurants hotels and food service operators with suppliers. Series B $55M July 2024.,cayena.com,,https://agfundernews.com/data-dive-afns-insights-brazils-agrifoodtech-funding-grows-32-in-q1-2025-after-meagre-2024-performance,review,0.7,br-02
Puna Bio,AR,agbiotech,Develops biological inputs from extremophile microorganisms found in the Puna plateau to improve crop yields and restore degraded soils.,puna.bio,,https://reports.cuanticovp.com/argentinas-top-startups-to-watch-for-2026-according-to-cuantico-vp/,include,0.95,ar-01
BioBlends,AR,biotech;foodtech,Creates gas-based biopreservatives that naturally extend the shelf life of fresh foods without chemical preservatives.,bioblends.bio,,https://www.failory.com/startups/argentina,include,0.85,ar-01
Bioeutectics,AR,biotech,Biotech company developing eutectic-based bioformulations. Seed round $2.3M.,bioeutectics.com,2021,https://www.failory.com/startups/argentina,include,0.8,ar-01
Auravant,AR,agtech,Precision agriculture platform integrating satellite imagery IoT sensors and agronomic models for field management. Series A $6.1M.,auravant.com,2014,https://www.failory.com/startups/argentina,include,0.85,ar-01
ucrop.it,AR,agtech,Digital platform for traceability and quality certification in crop production linking producers with food companies.,ucrop.it,2018,https://www.failory.com/startups/argentina,include,0.8,ar-01
Kilimo,AR,agtech,Precision irrigation optimization platform using satellite data and AI to reduce water consumption in agriculture. Series A $9.8M.,kilimo.com,2014,https://www.failory.com/startups/argentina,include,0.9,ar-01
Calice AI,AR,agtech,Uses AI-powered virtual field trials to predict crop yield and quality reducing the need for physical tests by up to 80%. Seed $2.5M led by Astanor.,calice.ai,2022,https://reports.cuanticovp.com/argentinas-top-startups-to-watch-for-2026-according-to-cuantico-vp/,include,0.9,ar-01
Nunatak Biotech,AR,biotech,Focuses on soil restoration using plant-microorganism associations with Antarctic extremophile bacteria. Pre-seed $400K.,nunatakbiotech.com,,https://reports.cuanticovp.com/argentinas-top-startups-to-watch-for-2026-according-to-cuantico-vp/,include,0.9,ar-01
Giraffe Bio,AR,biotech,Develops AI-designed biomolecules for critical mineral extraction optimization from mining effluents.,giraffebio.com,,https://reports.cuanticovp.com/argentinas-top-startups-to-watch-for-2026-according-to-cuantico-vp/,include,0.85,ar-01
Oncoliq,AR,medtech,Early cancer detection via liquid biopsy analyzing microRNAs from blood samples. Round $2.84M led by Endurance28.,oncoliq.com,,https://reports.cuanticovp.com/argentinas-top-startups-to-watch-for-2026-according-to-cuantico-vp/,include,0.9,ar-01
Motivia,AR,healthtech,AI and behavioral sciences platform to improve medication adherence for chronic disease patients. Pre-seed $1.2M led by Alaya Capital.,motivia.health,,https://reports.cuanticovp.com/argentinas-top-startups-to-watch-for-2026-according-to-cuantico-vp/,review,0.75,ar-01
Avedian,AR,healthtech,Health records management platform with predictive AI serving hospitals insurance and laboratories (Hosdatia Insuria Pharmia verticals). $1M Pre-Series A.,avedian.health,,https://reports.cuanticovp.com/argentinas-top-startups-to-watch-for-2026-according-to-cuantico-vp/,review,0.75,ar-01
ALKEMIO,AR,cleantech,Develops modular refining technology for decentralized rare earth element processing from mining byproducts. Pre-seed $400K.,alkemio.tech,2023,https://www.failory.com/startups/argentina,review,0.75,ar-01
PhageLab,CL,biotech;animal-health,Chilean biotech using AI to develop bacteriophage-based products for the animal industry as alternatives to antibiotics in livestock and aquaculture. Series A $11M led by Nazca and Collaborative Fund.,phage-lab.com,,https://startupslatam.com/phagelab-la-biotech-que-quiere-eliminar-el-uso-de-antibioticos-en-la-industria-ganadera-cierra-ronda-por-us-11-millones/,include,0.95,cl-01
Luyef,CL,precision-fermentation;cellular-ag,Develops precision fermentation technology producing TAMEE (bovine myoglobin) ingredient to enhance flavor and color of plant-based and cultivated meat. Grants $1.25M from CORFO and Good Food Institute.,luyef.com,,https://www.startuplinks.world/noticias/las-startups-chilenas-mas-prometedoras-para-2026-por-cuantico-vp,include,0.9,cl-01
Aquit,CL,biotech;aquatech,Develops preventive treatments replacing antibiotics for fish infections improving survival rates and natural immunity in aquaculture. Pre-seed $832K led by Hatch Blue.,aquit.cl,,https://weareaquaculture.com/news/aquaculture/chilean-aquaculture-biotech-startup-aquit-secures-832000-investment,include,0.9,cl-01
Gokei,CL,healthtech,Digital platform simplifying healthcare reimbursement management allowing patients to submit medical receipts and process reimbursements with insurers instantly. Seed $200K.,getgokei.com,,https://www.startuplinks.world/noticias/las-startups-chilenas-mas-prometedoras-para-2026-por-cuantico-vp,review,0.75,cl-01
NotCo,CL,foodtech,AI-driven food tech company creating plant-based alternatives to animal products using machine learning for molecular formulation. Unicorn. $235M raised.,notco.com,,https://agfundernews.com/notco-bags-235m-in-tiger-global-led-round-to-enhance-ai-platform-for-plant-based-protein,include,0.95,cl-01
The Live Green Co,CL,foodtech,Combines indigenous plant knowledge with AI to engineer plant-based food and personal care products using recommendation software.,thelivegreen.co,,https://contxto.com/en/startups/7-biotechs-turning-science-projects-into-reality-in-santiago/,include,0.85,cl-01
Andes Biotechnologies,CL,biotech;oncology,Develops proprietary cancer treatments using non-coding DNA and antisense technology targeting solid tumors. Clinical stage.,andesbiotec.com,,https://contxto.com/en/startups/7-biotechs-turning-science-projects-into-reality-in-santiago/,include,0.9,cl-01
Daeki,CL,diagnostics,Creates diagnostic devices that detect diseases using saliva samples through biomarker analysis. Rapid low-cost diagnostics.,daeki.cl,,https://contxto.com/en/startups/7-biotechs-turning-science-projects-into-reality-in-santiago/,include,0.85,cl-01
Algenis,CL,biotech,Researches microalgae-derived sodium channel blockers for treating neurological and pain pathologies.,algenis.cl,,https://contxto.com/en/startups/7-biotechs-turning-science-projects-into-reality-in-santiago/,include,0.85,cl-01
BioElements,CL,biotech,Biotechnology company developing bioactive compounds from natural sources. Series A funded.,bioelementsla.com,,https://www.failory.com/startups/chile,include,0.8,cl-01
Exacta BioScience,CL,agtech,Agricultural biotechnology startup developing precision solutions for crop improvement.,exactascience.com,,https://www.failory.com/startups/chile,include,0.8,cl-01
Instacrops,CL,agtech,Agricultural IoT platform providing real-time crop monitoring and precision irrigation using sensor networks and satellite imagery.,instacrops.com,,https://www.failory.com/startups/chile,include,0.85,cl-01
HIF Global,CL,cleantech,Produces carbon-neutral synthetic e-fuels (eFuels) compatible with existing vehicles ships and planes using renewable energy.,hifglobal.com,,https://www.failory.com/startups/chile,include,0.85,cl-02
Ceibo,CL,cleantech,Develops technologies enabling sustainable extraction of copper and critical minerals for the net-zero transition.,ceibo.tech,,https://www.failory.com/startups/chile,review,0.75,cl-02
Examedi,CL,healthtech,Medical diagnostics platform offering at-home lab testing. Raised Series A.,examedi.cl,,https://www.failory.com/startups/chile,review,0.75,cl-02
Bruna by Altum Lab,CL,agtech,Uses artificial intelligence to optimize production processes in aquaculture and food manufacturing. Decision support for farm management.,bruna.ai,,https://www.failory.com/startups/chile,include,0.85,cl-02
Eva,MX,diagnostics;medtech,Painless non-invasive breast cancer screening in under 10 minutes using infrared thermography technology with AI-powered PACS imaging.,evacenter.com,,https://www.scispot.com/blog/top-innovative-life-science-startups-in-mexico,include,0.9,mx-01
Delee,MX,diagnostics;oncology,Microfluidics platform isolating circulating tumor cells from blood for non-invasive cancer monitoring and treatment assessment.,delee.co,,https://www.scispot.com/blog/top-innovative-life-science-startups-in-mexico,include,0.9,mx-01
Unima,MX,diagnostics,Portable diagnostic kits with AI algorithms for rapid detection of tuberculosis dengue and other infectious diseases in resource-limited settings.,unimadx.com,,https://www.scispot.com/blog/top-innovative-life-science-startups-in-mexico,include,0.9,mx-01
microTERRA,MX,foodtech,Develops plant-based food ingredients from aquatic duckweed (lemna) for sustainable protein production with minimal environmental impact.,microterra.com,,https://www.scispot.com/blog/top-innovative-life-science-startups-in-mexico,include,0.85,mx-01
GeneProDx,MX,genomics;precision-medicine,Genomic testing platform integrating genetic insights for cancer cardiovascular disease and rare genetic disorder treatment optimization.,geneprodx.com,,https://www.scispot.com/blog/top-innovative-life-science-startups-in-mexico,include,0.9,mx-01
Nanopharmacia Group,MX,drug-discovery,Develops nano-enabled drug delivery systems improving bioavailability and safety profiles for cancer diabetes and infectious disease therapies.,nanopharmacia.com,,,include,0.85,mx-01
SaveFruit,MX,agtech,Patented technology extending fruit shelf life and reducing post-harvest waste during transportation and storage.,savefruitcorp.com,,https://www.scispot.com/blog/top-innovative-life-science-startups-in-mexico,include,0.8,mx-01
KURA Biotec,MX,diagnostics,Develops enzyme-based technologies for toxicology testing forensics and clinical assays with focus on sustainability and scalability.,kurabiotech.com,,https://www.scispot.com/blog/top-innovative-life-science-startups-in-mexico,include,0.85,mx-01
metaBIX Biotech,UY,animal-health;biotech,Combines AI and biotechnology to analyze air samples from pig and poultry farms predicting emerging pathogens and microbiological risks to protect animal health.,metabixbiotech.com,,https://latamlist.com/metabix-biotech-raises-over-1m/,include,0.9,uy-01
Verqor,MX,agtech,Agri-fintech platform providing credit and financial services to Mexican farmers. Backed by Dalus Capital.,verqor.com,,https://www.thestartupvc.com/startup-news/startups-in-mexico-an-overview/,review,0.75,mx-01
Stamm,AR,biomanufacturing,Develops desk-sized laminar flow bioreactors using microfluidic circuits for decentralized biotechnology processes. More efficient cell growth at fraction of the cost.,stamm.bio,,https://contxto.com/en/argentina/14-biotechs-rewriting-argentinas-startup-dna/,include,0.9,ar-02
Zev Biotech,AR,diagnostics,Develops molecular diagnostics platform for accessible disease detection in vulnerable communities. Point-of-care molecular testing.,zevbiotech.com,,https://contxto.com/en/argentina/14-biotechs-rewriting-argentinas-startup-dna/,include,0.85,ar-02
Feedvax,AR,aquatech;animal-health,Produces oral vaccines for farmed fish to reduce antibiotic use in aquaculture. Focus on salmon and tilapia farming.,feedvax.com,,https://contxto.com/en/argentina/14-biotechs-rewriting-argentinas-startup-dna/,include,0.9,ar-02
Caspr Biotech,AR,diagnostics;genomics,Uses CRISPR technology in portable diagnostic kits for rapid disease detection at point of care.,casprtech.com,,https://contxto.com/en/argentina/14-biotechs-rewriting-argentinas-startup-dna/,include,0.9,ar-02
Michroma,AR,synthetic-biology;foodtech,Uses synthetic biology and filamentous fungi in bioreactors to produce natural food colorants as sustainable alternatives to petrochemical dyes.,michroma.co,,https://contxto.com/en/argentina/14-biotechs-rewriting-argentinas-startup-dna/,include,0.9,ar-02
WeBio,AR,biotech,Provides 3D bioprinting services using human tissue models for drug testing and clinical research.,webio.bio,,https://contxto.com/en/argentina/14-biotechs-rewriting-argentinas-startup-dna/,include,0.85,ar-02
Cell Farm,AR,cellular-ag,Produces cultivated meat from non-invasive stem cell samples. Cell-based meat production without animal slaughter.,cellfarm.ar,,https://contxto.com/en/argentina/14-biotechs-rewriting-argentinas-startup-dna/,include,0.9,ar-02
Alytix,AR,animal-health;biotech,Develops bacteriophage platform to combat bacterial pathogens in animal and human health as alternatives to antibiotics.,alytix.com,,https://contxto.com/en/argentina/14-biotechs-rewriting-argentinas-startup-dna/,include,0.9,ar-02
Bitgenia,AR,genomics;bioinformatics,Provides genomic analysis platform for disease identification population health and personalized medicine insights.,bitgenia.com,,https://contxto.com/en/argentina/14-biotechs-rewriting-argentinas-startup-dna/,include,0.9,ar-02
algaebio+,AR,biotech,Extracts Astaxanthin from microalgae for nutraceutical and health supplement applications. Sustainable bioactive compound production.,algaebioplus.com,,https://contxto.com/en/argentina/14-biotechs-rewriting-argentinas-startup-dna/,include,0.85,ar-02
Aplife,AR,biotech;diagnostics,Applies biosensor technology to digitize molecular interactions for rapid detection and life science research applications.,aplife.com.ar,,https://contxto.com/en/argentina/14-biotechs-rewriting-argentinas-startup-dna/,include,0.85,ar-02
Cyanomin,AR,biotech;cleantech,Uses cyanobacteria to precipitate carbon-negative minerals without mining. Develops sustainable calcium carbonate capturing CO2.,cyanomin.com,,https://sf500.com.ar/,include,0.9,ar-02
Protiva,AR,synthetic-biology,Produces textile dyes using bacteria as sustainable alternatives to chemical dyes in the fashion industry.,protiva.bio,,https://sf500.com.ar/,include,0.85,ar-02
Biodiversity Intelligence,AR,environmental-biotech,Comprehensive system for measuring and monitoring biodiversity providing precise and accessible metrics for conservation and compliance.,biodiversityintelligence.com,,https://sf500.com.ar/,include,0.85,ar-02
Migma,AR,biotech,Combines AI with antioxidant science to develop custom superantioxidant blends extending shelf life of food cosmetics pharmaceuticals and lubricants.,migma.bio,,https://sf500.com.ar/,include,0.8,ar-02
Agrosmart,BR,agtech,Agricultural IoT platform monitoring micro-climates within individual farming plots with soil and weather sensors. Precision farm management.,agrosmart.com.br,,https://contxto.com/en/market-map/11-brazilian-startups-revolutionizing-the-agrotech-industry/,include,0.8,br-03
Tarvos,BR,agtech,AI-powered daily crop monitoring platform with real-time pest outbreak prevention using field sensors and satellite imagery.,tarvos.ag,,https://contxto.com/en/market-map/11-brazilian-startups-revolutionizing-the-agrotech-industry/,include,0.85,br-03
Agronow,BR,agtech,Uses AI and satellite imagery to provide crop analytics production alerts and agronomic recommendations for Brazilian agriculture.,agronow.com.br,,https://contxto.com/en/market-map/11-brazilian-startups-revolutionizing-the-agrotech-industry/,include,0.8,br-03
Horus Aeronaves,BR,agtech,Manufactures multispectral drone cameras for precision crop counting field analysis and agricultural mapping.,horusaeronaves.com,,https://contxto.com/en/market-map/11-brazilian-startups-revolutionizing-the-agrotech-industry/,review,0.75,br-03
Krilltech,BR,agbiotech,Develops nanotechnology-based biostimulants (from krill peptides) that increase photosynthesis rates optimize water consumption and deliver micronutrients. Embrapa spinoff.,krilltech.com.br,,https://signal.nucleate.xyz/an-overview-of-brazilian-venture-captial-activity-in-biotech/,include,0.9,br-03
Agrotools,BR,agtech,Comprehensive agribusiness intelligence platform integrating satellite data for land use carbon compliance and supply chain transparency. Clients: McDonald's Rabobank Cargill JBS.,agrotools.com.br,,https://news.agropages.com/News/Detail-49077.htm,include,0.85,br-03
Hilab,BR,diagnostics;medtech,Develops point-of-care diagnostic devices and cloud platform for remote lab tests with AI-powered results. Hilab Lens performs Complete Blood Count at POC. Series B $33.16M.,hilab.com.br,2004,https://hilab.com.br/about-us/,include,0.9,br-03
Neoprospecta,BR,bioinformatics;genomics,Develops genomics solutions for microbial risk management in food and pharma industries. Acquired by bioMérieux in 2025. Based in Florianopolis.,neoprospecta.com,,https://www.biomerieux.com/corp/en/who-we-are/company-news/neoprospecta-acquisition-industries-brazil.html,include,0.9,br-03
Biocentis,BR,agbiotech,Uses programmable biology to develop insect control solutions targeting agricultural pests. $19M Series A.,biocentis.com.br,,https://worldagritechsouthamerica.com/29-south-american-agtech-start-ups-shaking-up-the-region/,include,0.9,br-03
Cellertz Bio,BR,biotech,Biotech company developing cell-based technologies. Portfolio company of Vesper Ventures.,cellertz.com,,https://signal.nucleate.xyz/an-overview-of-brazilian-venture-captial-activity-in-biotech/,include,0.8,br-04
Hapiseeds,BR,agbiotech,Agricultural biotechnology company developing improved seed technologies using genomics. Backed by Vesper Ventures.,hapiseeds.com.br,,https://signal.nucleate.xyz/an-overview-of-brazilian-venture-captial-activity-in-biotech/,include,0.85,br-04
Reddot Bio,BR,agbiotech,Agricultural biotechnology startup developing bio-based crop improvement solutions. Vesper Ventures portfolio.,reddot.bio,,https://signal.nucleate.xyz/an-overview-of-brazilian-venture-captial-activity-in-biotech/,include,0.8,br-04
Aptah Bio,BR,biotech;drug-discovery,Develops RNA therapeutics targeting age-related diseases including cancer and neurodegenerative conditions.,aptah.bio,,https://signal.nucleate.xyz/an-overview-of-brazilian-venture-captial-activity-in-biotech/,include,0.9,br-04
Decoy Smart Control,BR,animal-health;agtech,Develops fungal-based treatment for ticks killing them at all lifecycle stages. Raised $2M. Sustainable alternative to chemical pesticides.,decoy.bio,,https://www.labiotech.eu/best-biotech/biotech-startup-companies-brazil/,include,0.9,br-04
NeoMed,BR,medtech;diagnostics,AI-powered cardiovascular diagnostics platform delivering ECG interpretation reports within 24 hours reducing costs 60%. Serves 150+ hospitals.,neomed.com.br,2016,https://techround.co.uk/tech/top-8-medtech-startups-in-brazil-2025/,include,0.85,br-04
BloomCare,BR,healthtech,Digital care platform for women's and family medicine automating maternal health tracking appointments and patient records.,bloomcare.com.br,2017,https://techround.co.uk/tech/top-8-medtech-startups-in-brazil-2025/,review,0.75,br-04
Pharmalens,BR,biotech;medtech,Computer vision and machine learning for quality control automation in biotech manufacturing: cell counting and contaminant detection.,pharmalens.com.br,2018,https://techround.co.uk/tech/top-8-medtech-startups-in-brazil-2025/,include,0.85,br-04
Botanical Solution Inc,CL,agbiotech;plant-biotech,Cultivates Quillaja saponaria trees via plant tissue culture as biofactories for biofungicide (ABM-01) and vaccine adjuvant (QS-21). Partners: Syngenta Croda Pharma.,botanicalsolution.com,2013,https://worldbusinessoutlook.com/from-chile-to-the-world-how-botanical-solution-inc-is-revolutionising-agri-biotech/,include,0.95,cl-02
Movet,CO,healthtech,Network of state-of-the-art veterinary clinics offering standardized medical protocols. Series A $5M October 2024. 150+ professionals.,movet.co,,https://reports.cuanticovp.com/colombias-top-startups-to-watch-for-2026-according-to-cuantico-vp/,review,0.75,co-01
Welli,CO,healthtech,Digital platform enabling instant medical financing for healthcare procedures connecting patients with clinics. Series A $25M. 1500+ partner clinics.,welli.co,,https://reports.cuanticovp.com/platas-250m-chiles-deep-tech-and-colombias-healthtech-surge/,review,0.75,co-01
MZP Tecnologia,AR,medtech,Develops low-cost blood viscosity measurement devices for clinical diagnostics. Based in Bariloche.,mzptecnologia.com,,https://contxto.com/en/argentina/14-biotechs-rewriting-argentinas-startup-dna/,include,0.8,ar-03
Biotrop,BR,bioinputs,Specializes in biological nitrogen fixation through industrial multiplication of bacteria (Azotobacter Rhizobium) for sustainable agriculture.,biotrop.com.br,,https://findnstart.com/blogs/agritech-startups-transforming-brazils-agriculture-industry,include,0.85,br-04
Atarraya,MX,aquatech,Uses biotech AI and automation to produce sustainable shrimp as nutritious accessible protein source. Controlled environment shrimp farming.,aguablancaseafood.com,,https://startupill.com/18-best-mexico-agtech-startups-the-future-of-farming/,include,0.85,mx-02
Solena,MX,agbiotech,Biotechnology company focused on agricultural solutions benefiting producers. Develops biological crop inputs.,solenagreen.com,,https://startupill.com/18-best-mexico-agtech-startups-the-future-of-farming/,include,0.85,mx-02
Earth Ocean Farms,MX,aquatech,Sustainable aquaculture infrastructure for reproduction of totoaba and huachinango (endemic Mexican fish species).,earthoceanfarm.com,,https://startupill.com/18-best-mexico-agtech-startups-the-future-of-farming/,include,0.8,mx-02
Tomorrow Foods,AR,foodtech,Creates plant-based protein alternatives for sustainable nutrition. Based in Buenos Aires.,tomorrowfoods.ar,,https://contxto.com/en/argentina/14-biotechs-rewriting-argentinas-startup-dna/,include,0.8,ar-03
Promip,BR,agbiotech;bioinputs,Spin-off from ESALQ's Entomology department with the largest portfolio in the Brazilian macrobiological market for crop biological control.,promip.agr.br,,https://agfundernews.com/brazil-agtech-market-map-338-startups-innovating-in-agricultural-powerhouse,include,0.9,br-05
Aimirim,BR,fermentation;agtech,Applies AI to industrial fermentation processes for sugarcane ethanol production. Fermentation 4.0 platform for process optimization.,aimirimsti.com.br,,https://agfundernews.com/brazil-agtech-market-map-338-startups-innovating-in-agricultural-powerhouse,include,0.85,br-05
Ecotrace,BR,agtech,Environmental traceability platform for agribusiness supply chains ensuring compliance and sustainability certification. Selected for World Agri-tech 2024.,ecotrace.global,,https://thriveagrifood.com/apexbrasil-and-svg-venturesthrive-partner-to-showcase-brazilian-sustainable-agribusiness-during-the-world-agri-tech-innovation-summit-2024-in-california/,include,0.8,br-05
GeneproDX,CL,diagnostics;genomics,Develops ThyroidPrint molecular diagnostic test predicting benign vs malignant thyroid nodules using mRNA expression. $6M seed. Spun from Catholic University of Chile.,geneprodx.com,2014,https://www.genomeweb.com/cancer/chilean-startup-geneprodx-developing-molecular-test-determine-thyroid-cancer-risk,include,0.9,cl-03
Levita Magnetics,CL,medtech,Pioneers non-invasive laparoscopic surgery using external magnets to retract organs eliminating need for additional incisions.,levitamagnetics.com,,https://nearshoreamericas.com/biotech-is-booming-in-latin-america-heres-why/,include,0.85,cl-03
Praxis Biotech,CL,biotech;drug-discovery,Drug discovery company developing therapeutics targeting apoptosis and cell survival pathways in cancer and neurodegenerative diseases. Spun from UC Chile.,praxisbiotech.com,,https://cienciavida.org/entrepreneurship/praxis-biotech/,include,0.85,cl-03
SouSmile,BR,healthtech;medtech,Digital orthodontics platform offering clear aligners with remote monitoring by licensed dentists. Raised Series A.,sousmile.com.br,,https://www.labiotech.eu/best-biotech/biotech-startup-companies-brazil/,review,0.75,br-05
Isobar,BR,agtech,Precision agriculture platform providing data analytics for coffee and sugarcane producers including microclimate monitoring and crop management.,isobar.agr.br,,https://agfundernews.com/brazil-agtech-market-map-338-startups-innovating-in-agricultural-powerhouse,review,0.7,br-05
Patagonia Biotechnology,CL,agbiotech;marine-biotech,Produces marine-derived bioactive products from Patagonian seaweed for organic and conventional agriculture. Based in Chile.,patbio.com,,https://www.marcachile.cl/en/the-rise-of-agtech-ten-chilean-companies-that-are-driving-innovation-in-agriculture/,include,0.85,cl-03
Food for the Future,CL,foodtech,Converts organic waste through black soldier fly larvae into sustainable insect protein for aquaculture and animal feed.,f4f.cl,,https://www.marcachile.cl/en/the-rise-of-agtech-ten-chilean-companies-that-are-driving-innovation-in-agriculture/,include,0.85,cl-03
Wiseconn,CL,agtech,Software platform automating monitoring and control of irrigation systems to reduce water consumption. Series B led by Morningside Group.,wiseconn.cl,,https://www.marcachile.cl/en/the-rise-of-agtech-ten-chilean-companies-that-are-driving-innovation-in-agriculture/,include,0.8,cl-03
DeepAgro,AR,agtech,Rosario-based company developing SprAI intelligent spraying system using computer vision for targeted herbicide application achieving 73% reduction in chemical use.,deepagro.com,,https://gatewaytosouthamerica-newsblog.com/10-leading-argentine-agtech-startups-to-watch-in-2025/,include,0.85,ar-03
Unibaio,AR,agbiotech,Develops natural microparticles that enhance pesticide and fertilizer efficacy reducing chemical usage by up to 80%. Won $1M Grow-NY prize 2024.,unibaio.com,,https://gatewaytosouthamerica-newsblog.com/10-leading-argentine-agtech-startups-to-watch-in-2025/,include,0.9,ar-03
Wiseconn Chile,CL,agtech,Software platform automating monitoring and control of irrigation systems to reduce water consumption. Series B led by Morningside Group. (duplicate check),wiseconn.cl,,,review,0.5,cl-skip
SoluBio,BR,agbiotech;bioinputs,Develops biological inputs including biofertilizers and biopesticides for sustainable Brazilian agriculture. Impacted farmer operations.,solubio.agr.br,,https://nirus.com.br/en/ola-mundo-copy-copy/,include,0.85,br-05
Strider,BR,agtech,Big data platform for pest and disease monitoring in crops using georeferenced data allowing targeted phytosanitary management. Backed by Monashees Capital and Qualcomm Ventures.,strider.ag,,https://agfundernews.com/brazilian-big-data-startup-strider-on-agtech-startups-and-coming-to-america5293,include,0.8,br-05
nChemi,BR,biotech;biomaterials,Develops ultra-thin metal oxide nanoparticle coatings for surgical instruments and industrial machinery extending product lifespan. University of São Carlos spinoff.,nchemi.com.br,2015,https://revistapesquisa.fapesp.br/en/deep-techs-science-based-startups-that-develop-solutions-to-complex-problems-are-gaining-focus-and-interest-in-brazil/,include,0.8,br-05
MiRscience Therapeutics,BR,biotech;drug-discovery,Develops oligonucleotide molecules (miRNA/siRNA) targeting muscle and metabolic diseases including cachexia sarcopenia and aging-associated conditions. Green Rock portfolio.,mirscience.bio,,https://signal.nucleate.xyz/an-overview-of-brazilian-venture-captial-activity-in-biotech/,include,0.9,br-06
Biofabrica Siglo XXI,MX,agbiotech;bioinputs,Mexican agricultural biotechnology company developing microbial-based biofertilizers (AZOFER MICORRIZAFER) for sustainable crop production. Located in Morelos Science Park.,biofabrica.com.mx,,https://biofabrica.com.mx/en/,include,0.85,mx-02
Bio Insumos Nativa,CL,agbiotech;bioinputs,Chilean company leader in biological input registrations in Brazil and LATAM. Develops biological crop protection and nutrition products.,bionativa.cl,,https://bionativa.cl/en/bio-insumos-nativa-chilean-company-leader-in-biological-registrations-in-brazil/,include,0.85,cl-03
BIoIn,BR,agbiotech,Combines biotechnology and information technology for efficient pest control in agriculture. Develops biological pest management solutions.,bioinagro.com.br,,https://startupill.com/101-best-brazil-agtech-startups-the-future-of-farming/,include,0.85,br-06
Imeve,BR,animal-health;biotech,Animal health and biotechnology company developing veterinary biologics and health solutions.,imeve.com.br,,https://startupill.com/101-best-brazil-agtech-startups-the-future-of-farming/,include,0.85,br-06
Treevia,BR,environmental-biotech,Connects forests to the internet using IoT sensors for more sustainable use of natural resources including carbon certification and forest monitoring.,treevia.com.br,,https://startupill.com/101-best-brazil-agtech-startups-the-future-of-farming/,include,0.8,br-06
CowMed,BR,animal-health,Develops technological solutions for health nutrition and reproduction of dairy cattle using IoT and data analytics.,cowmed.com.br,,https://startupill.com/101-best-brazil-agtech-startups-the-future-of-farming/,include,0.8,br-06
NAIAD Drug Design,BR,drug-discovery;bioinformatics,TechBio startup using AI to collect treat and integrate biological data generating active compounds for drug discovery. Green Rock portfolio.,naiad.com.br,,https://www.greenrock.vc/en/blog/biotechnology-in-brasil-2024,include,0.9,br-06
Grão Direto,BR,agtech,Digital grain trading platform connecting buyers and producers of soybeans corn and other grains. Series B $15.5M.,graodireto.com.br,,https://contxto.com/en/market-map/11-brazilian-startups-revolutionizing-the-agrotech-industry/,review,0.7,br-06
Bioheuris,AR,agbiotech,Develops gene-edited crops using CRISPR for drought tolerance and improved yields in soybeans and other key crops.,bioheuris.com,,https://www.stamm.bio/bioargentina-2022-argentina-at-the-forefront-of-the-regional-biotech-industry/,include,0.95,ar-04
Sylvarum,AR,agbiotech,Agricultural biotech company developing biological inputs based on natural microorganisms for sustainable crop production.,sylvarum.com,,https://www.stamm.bio/bioargentina-2022-argentina-at-the-forefront-of-the-regional-biotech-industry/,include,0.85,ar-04
Elytron,AR,agbiotech,AgTech company developing novel biological pest management solutions using beneficial insects.,elytronbio.com,,https://www.stamm.bio/bioargentina-2022-argentina-at-the-forefront-of-the-regional-biotech-industry/,include,0.85,ar-04
mAbxience,AR,biotech,Biopharmaceutical company producing biosimilar monoclonal antibodies and biologics at large scale. Manufactured COVID vaccine (AstraZeneca) for Latin America.,mabxience.com,,https://www.stamm.bio/bioargentina-2022-argentina-at-the-forefront-of-the-regional-biotech-industry/,include,0.9,ar-04
Microgenesis,AR,diagnostics,Developed home fertility diagnostic test allowing women to monitor reproductive health and receive personalized treatment recommendations.,microgenesis.ar,,https://www.stamm.bio/bioargentina-2022-argentina-at-the-forefront-of-the-regional-biotech-industry/,include,0.85,ar-04
Untech,AR,medtech,Developing medicine and technology for chronic wound treatment with improved healing outcomes.,untech.com.ar,,https://www.stamm.bio/bioargentina-2022-argentina-at-the-forefront-of-the-regional-biotech-industry/,include,0.8,ar-04
Terragene,AR,diagnostics,Develops biological indicators and chemical indicators for sterilization process monitoring in healthcare and laboratory settings.,terragene.com,,https://www.stamm.bio/bioargentina-2022-argentina-at-the-forefront-of-the-regional-biotech-industry/,include,0.85,ar-04
RNAtech,AR,biotech;foodtech,Develops RNA-based technologies for food innovation and biopreservation applications.,rnatech.com.ar,,https://www.stamm.bio/bioargentina-2022-argentina-at-the-forefront-of-the-regional-biotech-industry/,include,0.8,ar-04
Sistema.bio,MX,agtech;cleantech,Develops biodigesters for smallholder farmers converting organic waste to biogas and biofertilizer. Series B $56.7M. Operations in 30+ countries.,sistema.bio,2010,https://www.failory.com/startups/mexico,include,0.85,mx-02
Bioplastix,MX,bioplastics,Manufacturing company focused on biobased sustainable packaging materials as alternatives to conventional plastics.,bio-plastix.com,2024,https://www.failory.com/startups/mexico,include,0.8,mx-02
Eden Med,MX,healthtech,Healthcare services platform. Dalus Capital portfolio company.,edenmed.com,2016,https://www.failory.com/startups/mexico,review,0.7,mx-02
Koltin,MX,healthtech,Digital health platform for chronic condition management including diabetes care.,koltin.mx,2021,https://www.failory.com/startups/mexico,review,0.7,mx-02
Cells for Cells,CL,biotech,Develops cell therapies and tissue-engineered solutions for chronic diseases including knee osteoarthritis treatment and exosome production. $45.1M raised.,cellsforcells.cl,,https://pitchbook.com/profiles/company/501705-82,include,0.95,cl-04
Atacama Biomaterials,CL,biomaterials;bioplastics,Develops sustainable biobased packaging materials from local Chilean biomass as alternatives to conventional plastics. Pre-seed funded. MIT recognized.,atacamabiomaterials.com,,https://forgeimpact.org/success-stories/atacama-biomaterials-success-story/,include,0.9,cl-04
Merken Biotech,CL,biotech,Chilean biotechnology company developing bioactive compounds from natural sources for health and agricultural applications.,merkenbiotech.cl,,https://merkenbiotech.cl/,include,0.8,cl-04
Kheiron Biotech,AR,biotech,Argentine precision breeding and animal cloning biotechnology company. Developing genomic selection and gene editing for agricultural animals. Joint projects with Acceligen/Recombinetics.,kheiron.com.ar,,https://recombinetics.com/acceligen-kheiron-biotech-announce-joint-projects-focused-precision-breeding/,include,0.85,ar-04
Biosidus,AR,biotech;drug-discovery,Argentine biopharmaceutical company with 40+ years developing biosimilar monoclonal antibodies and biologic drugs. Two industrial manufacturing plants.,biosidus.com.ar,,https://www.failory.com/startups/argentina,include,0.85,ar-04
Kran Nanobubble,CL,cleantech;agtech,Chilean startup using nanobubble technology to save water and energy in agriculture and aquaculture. Active in 10+ countries with US offices opening 2024. Backed by Endeavor and ClimaTech guild.,kran-nanobubble.com,,https://kran-nanobubble.com/en/chilean-startup-of-solutions-with-nanobubbles-to-save-water-and-energy-will-open-offices-in-the-us-in-october/,include,0.85,cl-05
Cellter,CL,medtech;biotech,Chilean biotech combining AI-powered big data and nano pharmaceutical drug design to develop diagnostics and therapies for high-incidence diseases. Applications in cancer cardiovascular and immunotherapy. Founded 2016.,cellter.cl,2016,https://contxto.com/en/startups/7-biotechs-turning-science-projects-into-reality-in-santiago/,include,0.85,cl-05
Luyef Biotechnologies,CL,precision-fermentation;cellular-ag,Developing nutrients for cell-cultivated meat using precision fermentation and agro by-products. Producing bovine myoglobin-based ingredients. $1.25M in grants (GFI + CORFO). Closing $4M seed round.,luyef.com,,https://www.foodnavigator-usa.com/Article/2024/12/05/cell-cultivated-meat-co-luyef-biotechnologies-raises-125m/,include,0.9,cl-05
Inmunova,AR,biotech;drug-discovery,Argentine immunotherapy company founded by Fundación Instituto Leloir scientists. Developing biologics for rare infectious diseases including hemolytic uremic syndrome (Phase III AR+EU) and hantavirus mRNA vaccine with Sinergium. Part of Grupo Insud.,inmunova.com,2009,https://inmunova.com/en/home/,include,0.9,ar-05
DigiFarmz,BR,agtech,Brazilian AI-powered agronomic decision platform combining climate data soil research genetics and field data to provide smart crop recommendations for farmers and agronomists.,digifarmz.com,,https://contxto.com/en/market-map/11-brazilian-startups-revolutionizing-the-agrotech-industry/,include,0.8,br-07
Farmbox,BR,agtech,Brazilian agronomy management platform for planning monitoring and optimizing agricultural operations across soybean corn cotton and sugarcane. Operates on 4M+ hectares. Acquired by xFarm Technologies 2024.,checkplant.com.br,,https://xfarm.ag/en/blog-posts/xfarm-technologies-espande-il-suo-raggio-dazione-in-america-latina-con-unoperazione-strategica-e-unisce-le-forze-con-lazienda-agritech-brasiliana-checkplant-ideatrice-della-piattaforma-farmbox,review,0.75,br-07
AgroSustain,MX,agtech,Mexican biotech developing eco-friendly biopesticides to combat fungal crop infections. Reduces dependency on chemical pesticides for healthier harvests. Based in Guadalajara.,agrosustain.com.mx,,https://www.scispot.com/blog/top-innovative-life-science-startups-in-mexico,include,0.8,mx-03
Ecoshell,MX,bioplastics,Mexican startup creating biodegradable plant-based packaging solutions for food and agriculture industries decomposing naturally as sustainable alternatives to conventional plastic. Based in Guadalajara.,ecoshellmx.com,,https://www.scispot.com/blog/top-innovative-life-science-startups-in-mexico,include,0.8,mx-03
Ejido Verde,MX,cleantech,Triple-bottom-line sustainable pine resin company in Mexico working with indigenous communities to manage pine forests sustainably while producing high-quality resin for industrial markets.,ejidoverde.com,,https://startupill.com/18-best-mexico-agtech-startups-the-future-of-farming/,include,0.8,mx-03
Strong by Form,CL,biomaterials,Chilean biotech developing high-performance biocomposites from timber waste as sustainable replacements for steel and aluminum in construction. Portfolio company of Savia Ventures.,strongbyform.com,,https://saviaventures.com/,include,0.93,cl-savia-01
Living Ink,US,synbio,Synthetic biology company producing algae-based environmentally safe color pigments as drop-in replacements for petroleum-derived dyes. Portfolio company of Savia Ventures.,livingink.co,,https://saviaventures.com/,include,0.93,cl-savia-01
Nutrition from Water,CL,foodtech,Chilean company producing microalgae-based protein as a sustainable drop-in replacement for whey protein in food and nutraceutical applications. Portfolio company of Savia Ventures.,,,https://saviaventures.com/,include,0.93,cl-savia-01
Mothership Materials,CL,biotech,"Technology company transforming plant waste into key molecules for biomanufacturing, enabling circular bioeconomy applications. Portfolio company of Savia Ventures.",,,https://saviaventures.com/,include,0.93,cl-savia-01
Amnova Biotech,CL,healthtech,Chilean biotech developing regenerative cardiac therapies to restore tissue damaged after a heart attack. Portfolio company of CITES.,,,https://cites-gss.com/en/portfolio/,include,0.93,cl-cites-01
Baxxis Medtech,CL,medtech,Chilean medtech creating an intelligent knee prosthesis for anterior cruciate ligament replacement with real-time postoperative tracking capabilities. Portfolio company of CITES.,,,https://cites-gss.com/en/portfolio/,include,0.93,cl-cites-01
