"entity_type","entity_id","entity_name","pipeline_state","scope_decision","review_status","quality_band","data_quality_score_10","source_type","source_url","structured_country","capital_edge_count","needs_source","needs_scope_decision","needs_country","needs_quality_upgrade","needs_capital_edge","priority_score"
"startup","amaro","Amaro","source_needed","exclude","taxonomy_stub","medium","8","taxonomy_stub","","","0","True","False","False","False","False","100"
"startup","centralo","Centralo","source_needed","exclude","taxonomy_stub","medium","7","taxonomy_stub","","AR","0","True","False","False","False","False","100"
"startup","curseduca","Curseduca","source_needed","exclude","taxonomy_stub","medium","7","taxonomy_stub","","BR","0","True","False","False","False","False","100"
"startup","exactly","Exactly","source_needed","exclude","taxonomy_stub","medium","7","taxonomy_stub","","AR","0","True","False","False","False","False","100"
"startup","facturama","Facturama","source_needed","exclude","taxonomy_stub","medium","7","taxonomy_stub","","MX","0","True","False","False","False","False","100"
"startup","fligoo","Fligoo","source_needed","exclude","seeded","medium","8","portfolio_or_official_override","","","0","True","False","False","False","False","100"
"startup","frete_com","Frete Com","source_needed","exclude","seeded","medium","8","portfolio_or_official_override","","","0","True","False","False","False","False","100"
"startup","frubana","Frubana","source_needed","exclude","taxonomy_stub","medium","7","taxonomy_stub","","CO/BR","0","True","False","False","False","False","100"
"startup","grandata","Grandata","source_needed","exclude","taxonomy_stub","medium","7","taxonomy_stub","","US/AR","0","True","False","False","False","False","100"
"startup","houm","Houm","source_needed","exclude","taxonomy_stub","medium","7","taxonomy_stub","","CL","0","True","False","False","False","False","100"
"startup","hybridon","Hybridon","source_needed","exclude","taxonomy_stub","medium","7","taxonomy_stub","","AR","0","True","False","False","False","False","100"
"startup","inventa","Inventa","source_needed","exclude","taxonomy_stub","medium","7","taxonomy_stub","","BR","0","True","False","False","False","False","100"
"startup","iof","Iof","source_needed","exclude","seeded","medium","8","portfolio_or_official_override","","","0","True","False","False","False","False","100"
"startup","jampp","Jampp","source_needed","exclude","taxonomy_stub","medium","7","taxonomy_stub","","AR/US","0","True","False","False","False","False","100"
"startup","kangu","Kangu","source_needed","exclude","taxonomy_stub","medium","7","taxonomy_stub","","BR","0","True","False","False","False","False","100"
"startup","lemon","Lemon","source_needed","exclude","seeded","medium","7.5","manual_public_signal","","AR","3","True","False","False","False","False","100"
"startup","lifit","Lifit","source_needed","exclude","seeded","medium","8","portfolio_or_official_override","","","0","True","False","False","False","False","100"
"startup","logan","Logan","source_needed","exclude","seeded","medium","8","portfolio_or_official_override","","","0","True","False","False","False","False","100"
"startup","menta_tickets","Menta Tickets","source_needed","exclude","seeded","medium","8","portfolio_or_official_override","","","0","True","False","False","False","False","100"
"startup","mudafy","Mudafy","source_needed","exclude","taxonomy_stub","medium","7","taxonomy_stub","","AR/MX","0","True","False","False","False","False","100"
"startup","mural","Mural","source_needed","exclude","taxonomy_stub","medium","7","taxonomy_stub","","AR/US","0","True","False","False","False","False","100"
"startup","payjoy","Payjoy","source_needed","exclude","taxonomy_stub","medium","7","taxonomy_stub","","US","0","True","False","False","False","False","100"
"startup","pods","Pods","source_needed","exclude","seeded","medium","8","portfolio_or_official_override","","","0","True","False","False","False","False","100"
"startup","pomelo","Pomelo","source_needed","exclude","taxonomy_stub","medium","7","taxonomy_stub","","AR","0","True","False","False","False","False","100"
"startup","prima","Prima","source_needed","exclude","seeded","medium","8","portfolio_or_official_override","","","0","True","False","False","False","False","100"
"startup","properati","Properati","source_needed","exclude","taxonomy_stub","medium","7.5","taxonomy_stub","","AR","0","True","False","False","False","False","100"
"startup","qive","Qive","source_needed","exclude","taxonomy_stub","medium","7","taxonomy_stub","","BR","0","True","False","False","False","False","100"
"startup","quadminds","Quadminds","source_needed","exclude","taxonomy_stub","medium","7","taxonomy_stub","","AR","0","True","False","False","False","False","100"
"startup","retargetly","Retargetly","source_needed","exclude","taxonomy_stub","medium","7.5","taxonomy_stub","","AR","0","True","False","False","False","False","100"
"startup","ripio","Ripio","source_needed","exclude","taxonomy_stub","medium","7.5","taxonomy_stub","","AR","0","True","False","False","False","False","100"
"startup","rsk","Rsk","source_needed","exclude","taxonomy_stub","medium","7","taxonomy_stub","","AR","0","True","False","False","False","False","100"
"startup","securitize","Securitize","source_needed","exclude","taxonomy_stub","medium","7.5","taxonomy_stub","","US/AR","0","True","False","False","False","False","100"
"startup","sirena","Sirena","source_needed","exclude","taxonomy_stub","medium","7","taxonomy_stub","","AR","0","True","False","False","False","False","100"
"startup","spectrum","Spectrum","source_needed","exclude","seeded","medium","8","portfolio_or_official_override","","","2","True","False","False","False","False","100"
"startup","spline","Spline","source_needed","exclude","seeded","medium","8","portfolio_or_official_override","","","0","True","False","False","False","False","100"
"startup","starlight_ventures","Starlight Ventures","source_needed","exclude","seeded","medium","8","portfolio_or_official_override","","","0","True","False","False","False","False","100"
"startup","strike","Strike","source_needed","exclude","seeded","medium","8","portfolio_or_official_override","","","0","True","False","False","False","False","100"
"startup","teachy","Teachy","source_needed","exclude","seeded","medium","8","portfolio_or_official_override","","","0","True","False","False","False","False","100"
"startup","tissue_dynamics","Tissue Dynamics","source_needed","exclude","taxonomy_stub","medium","7","taxonomy_stub","","IL/AR","0","True","False","False","False","False","100"
"startup","travelx","TravelX","source_needed","exclude","taxonomy_stub","medium","7","taxonomy_stub","","US/AR","2","True","False","False","False","False","100"
"startup","vercel","Vercel","source_needed","exclude","taxonomy_stub","medium","7","taxonomy_stub","","US/AR","0","True","False","False","False","False","100"
"startup","vixtra","Vixtra","source_needed","exclude","seeded","medium","8","portfolio_or_official_override","","","0","True","False","False","False","False","100"
"startup","zipnova","Zipnova","source_needed","exclude","taxonomy_stub","medium","7","taxonomy_stub","","AR","1","True","False","False","False","False","100"
"startup","123seguro","123Seguro","source_needed","exclude","taxonomy_stub","high","8.5","taxonomy_stub","","","0","True","False","False","False","False","95"
"startup","barte","Barte","source_needed","exclude","taxonomy_stub","high","8.5","taxonomy_stub","","","0","True","False","False","False","False","95"
"startup","cobli","Cobli","source_needed","exclude","taxonomy_stub","high","8.5","taxonomy_stub","","","0","True","False","False","False","False","95"
"startup","luzid","Luzid","source_needed","exclude","seeded","high","8.5","portfolio_or_official_override","","CR","0","True","False","False","False","False","95"
"startup","nuclearis","Nuclearis","source_needed","exclude","seeded","high","8.5","portfolio_or_official_override","","AR","0","True","False","False","False","False","95"
"startup","nuvemshop","Nuvemshop","source_needed","exclude","taxonomy_stub","high","8.5","taxonomy_stub","","BR/AR","0","True","False","False","False","False","95"
"startup","nuvia","Nuvia","source_needed","exclude","seeded","high","8.5","portfolio_or_official_override","","US","0","True","False","False","False","False","95"
"startup","uala","Ualá","source_needed","exclude","taxonomy_stub","high","8.5","taxonomy_stub","","AR","0","True","False","False","False","False","95"
"startup","vu","Vu","source_needed","exclude","seeded","high","8.5","portfolio_or_official_override","","AR","0","True","False","False","False","False","95"
"startup","workana","Workana","source_needed","exclude","taxonomy_stub","high","8.5","taxonomy_stub","","AR/BR","0","True","False","False","False","False","95"
"startup","ages","AGES","source_backed_seeded","include","seeded","","","official_portfolio_profile","https://www.kptl.com.br/portfolio/ages/","BR","0","False","False","False","False","True","30"
"startup","agricapital","Agricapital","source_backed_seeded","include","seeded","","","official_portfolio_profile","https://theyieldlablatam.com/companies/agricapital/","CO","0","False","False","False","False","True","30"
"startup","agrired","Agrired","ready_for_semantic","include","reviewed","medium","8","official_website","https://www.agrired.com.ar/","AR","0","False","False","False","False","True","30"
"startup","agrivalle","Agrivalle","source_backed_seeded","include","seeded","medium","7.5","external_profile","https://www.f6s.com/companies/agritech/brazil/co","BR","0","False","False","False","False","True","30"
"startup","agrolend","Agrolend","source_backed_seeded","include","seeded","","","official_portfolio_profile","https://spventures.com.br/portfolio/agrolend/","BR","0","False","False","False","False","True","30"
"startup","agrosmart","Agrosmart","source_backed_seeded","include","seeded","","","official_portfolio_profile","https://spventures.com.br/portfolio/agrosmart/","BR","0","False","False","False","False","True","30"
"startup","agrotools","AGROTOOLS","source_backed_seeded","include","seeded","","","official_portfolio_profile","https://www.kptl.com.br/portfolio/agrotools/","BR","0","False","False","False","False","True","30"
"startup","agrourbana","Agrourbana","source_backed_seeded","include","seeded","","","official_portfolio_profile","https://chileglobalventures.cl/en/portfolio/agrourbana/","CL","0","False","False","False","False","True","30"
"startup","amplify-dynamics","Amplify Dynamics","source_backed_seeded","include","seeded","","","official_portfolio_profile","https://theganeshalab.com/startup/amplify-dynamics/","CO","0","False","False","False","False","True","30"
"startup","aplife_biotech","Aplife Biotech","ready_for_semantic","include","reviewed","medium","7.5","official_website","https://www.aplifebiotech.com/about","BR","0","False","False","False","False","True","30"
"startup","arcomed","Arcomed","ready_for_semantic","include","reviewed","medium","8","official_website","https://www.arcomed.com/","CL","0","False","False","False","False","True","30"
"startup","asclepii","Asclepii","source_backed_seeded","include","seeded","","","official_portfolio_profile","https://zentynel.com/en/portfolio/","US/CL/MX","0","False","False","False","False","True","30"
"startup","autem-medical","Autem Medical","source_backed_seeded","include","seeded","","","official_portfolio_profile","https://zentynel.com/en/portfolio/","BR/US","0","False","False","False","False","True","30"
"startup","beam_croptech","BEAM CropTech","ready_for_semantic","include","reviewed","medium","7.5","official_website","https://beamcroptech.com/en/home-en/","AR","0","False","False","False","False","True","30"
"startup","bemagro","BemAgro","source_backed_seeded","include","seeded","","","official_portfolio_profile","https://theyieldlablatam.com/pt-br/companies/bemagro/","BR","0","False","False","False","False","True","30"
"startup","biodiversity_intelligence","Biodiversity Intelligence","ready_for_semantic","include","reviewed","medium","8","official_portfolio_profile","https://www.gridexponential.com/portfolio","AR","0","False","False","False","False","True","30"
"startup","biolinker","Biolinker Synthetic Biology","source_backed_seeded","include","seeded","medium","8","external_profile","https://www.f6s.com/company/biolinkersyntheticbiology","BR","0","False","False","False","False","True","30"
"startup","biomakers","Biomakers","source_backed_seeded","include","seeded","","","official_portfolio_profile","https://zentynel.com/en/portfolio/","AR/MX/BR","0","False","False","False","False","True","30"
"startup","bleps_vision","Bleps Vision","ready_for_semantic","include","reviewed","medium","7.5","official_website","https://blepsvision.com/en/","CL","0","False","False","False","False","True","30"
"startup","blooms","Blooms","source_backed_seeded","include","seeded","","","official_portfolio_profile","https://theyieldlablatam.com/companies/blooms/","MX","0","False","False","False","False","True","30"
"startup","botanical-solutions","Botanical Solutions","ready_for_semantic","include","reviewed","","","linkedin_company_profile","https://www.linkedin.com/company/botanical-solution","CL/US","0","False","False","False","False","True","30"
"startup","branch_energy","Branch Energy","ready_for_semantic","include","reviewed","medium","8","official_public_profile","https://www.linkedin.com/company/branch-energy","US","0","False","False","False","False","True","30"
"startup","bsafe_biotech","Bsafe Biotech","ready_for_semantic","include","reviewed","medium","7.5","official_website","https://www.bsafebiotech.com/","BR","0","False","False","False","False","True","30"
"startup","cargo_sapiens","Cargo Sapiens","source_backed_seeded","include","seeded","medium","8","candidate_website_from_user_csv","https://cargosapiens.com","BR","0","False","False","False","False","True","30"
"startup","caspr_biotech","Caspr Biotech","ready_for_semantic","include","reviewed","medium","7.5","official_public_profile","https://sosv.com/company/caspr-biotech/","CL","0","False","False","False","False","True","30"
"startup","cellargen_biotech","Cellargen Biotech","ready_for_semantic","include","reviewed","medium","7","institutional_public_source","https://www.unl.edu.ar/noticias/news/view/la_fbcb_y_cellargen_biotech_s_r_l_producir%C3%A1n_insumos_biotecnol%C3%B3gicos","AR","0","False","False","False","False","True","30"
"startup","cerradox","CerradoX","source_backed_seeded","include","seeded","","","official_portfolio_profile","https://theyieldlablatam.com/companies/cerradox/","BR","0","False","False","False","False","True","30"
"startup","chemtest","Chemtest","ready_for_semantic","include","reviewed","medium","8","official_website","https://www.chemtest.net/","AR","0","False","False","False","False","True","30"
"startup","culttivo","Culttivo","source_backed_seeded","include","seeded","","","official_portfolio_profile","https://theyieldlablatam.com/companies/culttivo/","BR","0","False","False","False","False","True","30"
"startup","dharma_bioscience","Dharma BioScience","source_backed_seeded","include","seeded","medium","8","official_portfolio_profile","https://sf500.com.ar/","AR","0","False","False","False","False","True","30"
"startup","dogma_biotech","Dogma Biotech","source_backed_seeded","include","seeded","medium","8","official_portfolio_profile","https://www.gridexponential.com/portfolio","CO","0","False","False","False","False","True","30"
"startup","done_properly","Done Properly","ready_for_semantic","include","reviewed","medium","8","official_website","https://www.doneproperly.co/","CL","0","False","False","False","False","True","30"
"startup","dprotein","DProtein","source_backed_seeded","include","seeded","medium","8","linkedin_company_page","https://www.linkedin.com/company/dprotein","AR","0","False","False","False","False","True","30"
"startup","dymaxion_labs","Dymaxion Labs","ready_for_semantic","include","reviewed","medium","8","official_website","https://dymaxionlabs.com/","AR","0","False","False","False","False","True","30"
"startup","eolo_pharma","Eolo Pharma","ready_for_semantic","include","reviewed","medium","8","official_website","https://eolo-pharma.com/","UY","0","False","False","False","False","True","30"
"startup","ergo_foods","Ergo Foods","ready_for_semantic","include","reviewed","medium","7.5","official_website","https://www.ergobiotech.com/","AR","0","False","False","False","False","True","30"
"startup","fungi_life","Fungi Life","ready_for_semantic","include","reviewed","medium","8","official_website","https://www.fungilife.net/","AR","0","False","False","False","False","True","30"
"startup","future_biome","Future Biome","source_backed_seeded","include","seeded","medium","8","official_portfolio_profile","https://www.gridexponential.com/portfolio","AR","0","False","False","False","False","True","30"
"startup","galtec","Galtec Life","ready_for_semantic","include","reviewed","medium","8","official_website","https://galtec.ar/en/home/","AR","0","False","False","False","False","True","30"
"startup","genica","Gênica","source_backed_seeded","include","seeded","","","official_portfolio_profile","https://spventures.com.br/portfolio/genica/","BR","0","False","False","False","False","True","30"
"startup","gisens_biotech","Gisens Biotech","source_backed_seeded","include","seeded","medium","8","official_portfolio_profile","https://www.gridexponential.com/portfolio","AR","0","False","False","False","False","True","30"
"startup","harmony-biosciences","HARMONY","source_backed_seeded","include","seeded","","","official_portfolio_profile","https://zentynel.com/en/portfolio/","BR/US","0","False","False","False","False","True","30"
"startup","hexembio","HeXemBio","source_backed_seeded","include","seeded","","","official_portfolio_profile","https://zentynel.com/en/portfolio/","US/BR","0","False","False","False","False","True","30"
"startup","incluirtec","Incluirtec","source_backed_seeded","include","seeded","","","official_portfolio_listing","https://theyieldlablatam.com/portfolio/","CO","0","False","False","False","False","True","30"
"startup","inner_cosmos","Inner Cosmos","source_backed_seeded","include","seeded","medium","8","candidate_website_from_user_csv","https://innercosmos.io","US","0","False","False","False","False","True","30"
"startup","innova_space","Innova Space","ready_for_semantic","include","reviewed","medium","7","official_website","https://www.innova-space.com/en/","AR","0","False","False","False","False","True","30"
"startup","inprenha","Inprenha","source_backed_seeded","include","seeded","","","official_portfolio_profile","https://www.spventures.com.br/","BR","0","False","False","False","False","True","30"
"startup","jetbov","JetBov","source_backed_seeded","include","seeded","","","official_portfolio_profile","https://spventures.com.br/portfolio/jetbov/","BR","0","False","False","False","False","True","30"
"startup","keclon","Keclon","ready_for_semantic","include","reviewed","medium","8","official_website","https://keclon.com/","AR","0","False","False","False","False","True","30"
"startup","laurus_ag_tech","Laurus AG Tech","source_backed_seeded","include","seeded","medium","7","official_portfolio_profile","https://www.f6s.com/company/laurusagtech","AR","0","False","False","False","False","True","30"
"startup","limay_biosciences","Limay Biosciences","ready_for_semantic","include","reviewed","medium","8","institutional_public_source","https://cancilleria.gob.ar/en/new-technologies/next-from-argentina-en/limay-biosciences","AR","0","False","False","False","False","True","30"
"startup","matchetune","Matchetune","source_backed_seeded","include","seeded","","","official_portfolio_profile","https://chileglobalventures.cl/portafolio/matchetune/","CL","0","False","False","False","False","True","30"
"startup","metabix-biotech","metaBIX Biotech","ready_for_semantic","include","reviewed","","","linkedin_company_profile","https://www.linkedin.com/company/metabix-biotech","UY","0","False","False","False","False","True","30"
"startup","microscopia","microscopIA","ready_for_semantic","include","reviewed","medium","7.5","secondary_public_profile","https://www.f6s.com/company/microscopia","AR","0","False","False","False","False","True","30"
"startup","momentum-therapeutics","Momentum Therapeutics","source_backed_seeded","include","seeded","","","official_portfolio_profile","https://zentynel.com/en/portfolio/","CL/US","0","False","False","False","False","True","30"
"startup","monte-caldera-technology","Monte Caldera Technology","ready_for_semantic","include","reviewed","medium","8","official_website","https://montecaldera.com/","CL","0","False","False","False","False","True","30"
"startup","multiplai_health","MultiplAI Health","source_backed_seeded","include","seeded","medium","8","official_portfolio_profile","https://zentynel.com/en/portfolio/","AR/UK","0","False","False","False","False","True","30"
"startup","mycorium_biotech","Mycorium Biotech","source_backed_seeded","include","seeded","medium","8","official_portfolio_profile","https://sf500.com.ar/","AR","0","False","False","False","False","True","30"
"startup","nanotica","Nanotica","source_backed_seeded","include","seeded","medium","8","candidate_website_from_user_csv","https://nanotica.bio","AR","0","False","False","False","False","True","30"
"startup","neocrop-technologies","Neocrop Technologies","source_backed_seeded","include","seeded","","","official_portfolio_profile","https://zentynel.com/en/portfolio/","CL/US","0","False","False","False","False","True","30"
"startup","nocarbon_milk","NoCarbon Milk","source_backed_seeded","include","seeded","medium","7.5","secondary_public_profile","https://www.milkpoint.com.br/noticias-e-mercado/giro-noticias/nocarbon-chega-a-mais-de-600-pontos-de-venda-no-brasil-em-apenas-um-ano-de-operacao-231680/","BR","0","False","False","False","False","True","30"
"startup","nunatak_biotech","Nunatak Biotech","ready_for_semantic","include","reviewed","medium","8","official_website","https://www.nunatakbio.com/","AR","0","False","False","False","False","True","30"
"startup","omics","OMICS","source_backed_seeded","include","seeded","","","official_portfolio_profile","https://kptl.com.br/portfolio/omics/?lang=en","BR","0","False","False","False","False","True","30"
"startup","onco_precision","Onco Precision","ready_for_semantic","include","reviewed","medium","8","official_website","https://www.oncoprecision.bio/","US/AR","0","False","False","False","False","True","30"
"startup","patagon-fiber","Patagon Fiber","source_backed_seeded","include","seeded","","","official_portfolio_profile","https://theganeshalab.com/startup/patagon-fiber/","CL","0","False","False","False","False","True","30"
"startup","phagelab","PhageLab","source_backed_seeded","include","seeded","","","official_portfolio_profile","https://theyieldlablatam.com/companies/phage_lab/","CL","0","False","False","False","False","True","30"
"startup","pink-farms","Pink Farms","source_backed_seeded","include","seeded","","","official_portfolio_profile","https://spventures.com.br/portfolio/brain-ag-3/","BR","0","False","False","False","False","True","30"
"startup","plamic_biotech","Plamic Biotech","source_backed_seeded","include","seeded","medium","7.5","official_public_profile","https://www.argentina.gob.ar/noticias/se-conocieron-los-ganadores-del-concurso-innova-salud","AR","0","False","False","False","False","True","30"
"startup","precision_ag","Precision Ag","source_backed_seeded","include","seeded","medium","7.5","official_website","https://www.precision.agr.br/en","BR","0","False","False","False","False","True","30"
"startup","produzindo-certo","Produzindo Certo","source_backed_seeded","include","seeded","","","official_portfolio_listing","https://theyieldlablatam.com/portfolio/","BR","0","False","False","False","False","True","30"
"startup","samay","Samay","source_backed_seeded","include","seeded","","","official_portfolio_profile","https://zentynel.com/en/portfolio/","CO/US","0","False","False","False","False","True","30"
"startup","satellites_on_fire","Satellites on Fire","ready_for_semantic","include","reviewed","medium","7.5","official_website","https://www.satellitesonfire.com/en","AR","0","False","False","False","False","True","30"
"startup","silohub","Silohub","ready_for_semantic","include","reviewed","medium","7","secondary_public_profile","https://www.descubre.vc/silohub","AR","0","False","False","False","False","True","30"
"startup","sima","Sima","ready_for_semantic","include","reviewed","medium","8","official_website","https://sima.ag/","AR","0","False","False","False","False","True","30"
"startup","sioma","Sioma","source_backed_seeded","include","seeded","","","official_portfolio_profile","https://theyieldlablatam.com/companies/eiwa-2/","CO","0","False","False","False","False","True","30"
"startup","smartbreeder","SmartBreeder","source_backed_seeded","include","seeded","","","official_portfolio_profile","https://www.kptl.com.br/portfolio/smartbreeder/","BR","0","False","False","False","False","True","30"
"startup","spaceag","SpaceAG","source_backed_seeded","include","seeded","","","official_portfolio_profile","https://theyieldlablatam.com/companies/spaceag/","PE","0","False","False","False","False","True","30"
"startup","symbiomics","Symbiomics","source_backed_seeded","include","seeded","medium","8","external_profile","https://www.f6s.com/symbiomics","BR","0","False","False","False","False","True","30"
"startup","synthetic_ocular_restoration","Synthetic Ocular Restoration","ready_for_semantic","include","reviewed","medium","7.5","official_website","https://sor.international/antecedentes/","AR/US","0","False","False","False","False","True","30"
"startup","syocin-biotech","Syocin Biotech","ready_for_semantic","include","reviewed","medium","8","official_website","https://syocin.com/","AR","0","False","False","False","False","True","30"
"startup","tbit","TBIT","source_backed_seeded","include","seeded","","","official_portfolio_profile","https://www.kptl.com.br/portfolio/tbit/","BR","0","False","False","False","False","True","30"
"startup","tensor-care","Tensor Care","source_backed_seeded","include","seeded","","","official_portfolio_profile","https://theganeshalab.com/startup/medx/","CL","0","False","False","False","False","True","30"
"startup","the-earth-says","The Earth Says","source_backed_seeded","include","seeded","","","external_company_profile","https://www.f6s.com/company/theearthsays","CL","0","False","False","False","False","True","30"
"startup","trebe_biotech","Trebe Biotech","source_backed_seeded","include","seeded","medium","8","official_portfolio_profile","https://sf500.com.ar/","AR","0","False","False","False","False","True","30"
"startup","tuplaza","TuPlaza","source_backed_seeded","include","seeded","medium","7.5","external_profile","https://www.f6s.com/company/tuplaza","CO","0","False","False","False","False","True","30"
"startup","ubique_bio","Ubique Bio","source_backed_seeded","include","seeded","medium","8","official_portfolio_profile","https://www.gridexponential.com/portfolio","AR","0","False","False","False","False","True","30"
"startup","verqor","Verqor","source_backed_seeded","include","seeded","","","official_portfolio_listing","https://theyieldlablatam.com/portfolio/","MX","0","False","False","False","False","True","30"
"startup","vexxel_biotech","Vexxel Biotech","source_backed_seeded","include","seeded","medium","8","official_portfolio_profile","https://www.gridexponential.com/portfolio","AR","0","False","False","False","False","True","30"
"startup","voa","Voa","source_backed_seeded","include","seeded","","","official_portfolio_profile","https://theyieldlablatam.com/companies/voa/","BR","0","False","False","False","False","True","30"
"startup","werk-nvac","WerkénVac","ready_for_semantic","include","reviewed","medium","7","official_portfolio_profile","https://www.gridexponential.com/portfolio","AR","0","False","False","False","False","True","30"
"startup","xeptiva","Xeptiva","source_backed_seeded","include","seeded","","","official_portfolio_profile","https://zentynel.com/en/portfolio/","UY","0","False","False","False","False","True","30"
"startup","agrotoken","Agrotoken","ready_for_semantic","include","reviewed","high","8.5","official_website","https://landing.test.agrotoken.io/en/home","AR","0","False","False","False","False","True","25"
"startup","biomas","Biomas","ready_for_semantic","include","reviewed","high","8.5","official_website","https://www.biomas.com/en","BR","0","False","False","False","False","True","25"
"startup","bioplaster_research","BioPlaster Research","ready_for_semantic","include","reviewed","high","9","official_website","https://www.bioplaster-research.com/","MX","0","False","False","False","False","True","25"
"startup","carbonext","Carbonext","ready_for_semantic","include","reviewed","high","8.5","official_website","https://www.carbonext.com.br/en/","BR","0","False","False","False","False","True","25"
"startup","future_cow","Future Cow","ready_for_semantic","include","reviewed","high","9","official_website","https://www.futurecow.com.br/","BR","0","False","False","False","False","True","25"
"startup","ideelab","IdeeLab","ready_for_semantic","include","reviewed","high","9","official_website","https://ideelab.com.br/","BR","0","False","False","False","False","True","25"
"startup","krilltech","Krilltech","ready_for_semantic","include","reviewed","high","9","official_website","https://krilltech.com.br/","BR","0","False","False","False","False","True","25"
"startup","lemu","Lemu","ready_for_semantic","include","reviewed","high","9","official_website","https://www.le.mu/","CL","0","False","False","False","False","True","25"
"startup","mesenchyal_t","Mesenchyal-T","ready_for_semantic","include","reviewed","high","9","official_website","https://mesenchyalt.com.ar/","AR","0","False","False","False","False","True","25"
"startup","mombak","Mombak","ready_for_semantic","include","reviewed","high","9","official_website","https://mombak.com/","BR","0","False","False","False","False","True","25"
"startup","nativas","Nativas","ready_for_semantic","include","reviewed","high","9","official_website","https://nativas.la/","AR","0","False","False","False","False","True","25"
"startup","omica","Omica","ready_for_semantic","include","reviewed","high","9","official_website","https://www.omica.bio/","AR","0","False","False","False","False","True","25"
"startup","pill_ar","Pill.AR","ready_for_semantic","include","reviewed","high","9","official_website","https://pill.ar/","AR","0","False","False","False","False","True","25"
"startup","puna_bio","Puna Bio","source_backed_seeded","include","seeded","high","9","official_website","https://www.puna.bio/en","AR","0","False","False","False","False","True","25"
"startup","qumir_nano","Qumir Nano","source_backed_seeded","include","seeded","high","8.5","candidate_website_from_user_csv","https://qumirnano.bio","AR","0","False","False","False","False","True","25"
"startup","re_green","re.green","ready_for_semantic","include","reviewed","high","9","official_website","https://re.green/en/","BR","0","False","False","False","False","True","25"
"startup","rumina","Rumina","ready_for_semantic","include","reviewed","high","8.5","official_website","https://rumina.com.br/","BR","0","False","False","False","False","True","25"
"startup","sensix","Sensix","ready_for_semantic","include","reviewed","high","8.5","official_website","https://sensix.ag/","BR","0","False","False","False","False","True","25"
"startup","solinftec","Solinftec","ready_for_semantic","include","reviewed","high","8.5","official_website","https://www.solinftec.com/en-us/about/","BR/LatAm","0","False","False","False","False","True","25"
"startup","solubio","Solubio Tecnologias Agricolas","ready_for_semantic","include","reviewed","high","9","official_website","https://www.solubio.agr.br/","BR","0","False","False","False","False","True","25"
"startup","tomorrow_foods","Tomorrow Foods","ready_for_semantic","include","reviewed","high","8.5","official_website","https://www.tomorrowfoods.com.ar/nosotros","AR","0","False","False","False","False","True","25"
"startup","zavia_bio","Zavia Bio","source_backed_seeded","include","seeded","high","8.5","linkedin_company_page","https://ar.linkedin.com/company/zaviabio","AR","0","False","False","False","False","True","25"
"startup","zev_biotech","ZEV Biotech","source_backed_seeded","include","seeded","high","8.5","official_portfolio_profile","https://www.gridexponential.com/portfolio","AR","0","False","False","False","False","True","25"
"startup","tech","@Tech","source_backed_seeded","include","seeded","medium","7","official_portfolio_profile","https://theyieldlablatam.com/companies/atech/","BR","1","False","False","False","False","False","10"
"startup","agree","Agree","source_backed_seeded","include","seeded","medium","7.5","official_portfolio_profile","https://theyieldlablatam.com/companies/agree/","AR","1","False","False","False","False","False","10"
"startup","agroadvance","Agroadvance","source_backed_seeded","include","seeded","medium","7","external_profile","https://www.f6s.com/company/agroadvance","BR","1","False","False","False","False","False","10"
"startup","agroforte","Agroforte","source_backed_seeded","include","seeded","medium","8","official_portfolio_profile","https://theyieldlablatam.com/companies/agroforte/","BR","1","False","False","False","False","False","10"
"startup","agrofy","Agrofy","ready_for_semantic","include","reviewed","medium","8","official_website","https://www.agrofy.com/","AR/LatAm","1","False","False","False","False","False","10"
"startup","algaebio","algaebio+","ready_for_semantic","include","reviewed","medium","7.5","official_website","https://algaebioplus.com/","AR","1","False","False","False","False","False","10"
"startup","algalife","Algalife","source_backed_seeded","include","seeded","medium","8","official_portfolio_profile","https://www.gridexponential.com/portfolio","AR","2","False","False","False","False","False","10"
"startup","alkemio","Alkemio","ready_for_semantic","include","reviewed","medium","8","official_website","https://alkemio.tech/","NL/AR","2","False","False","False","False","False","10"
"startup","alytix","Alytix","ready_for_semantic","include","reviewed","medium","7.5","official_website","https://alytixbiotech.com/","AR","2","False","False","False","False","False","10"
"startup","antarka","Antarka","ready_for_semantic","include","reviewed","medium","7","official_portfolio_profile","https://sosv.com/company/antarka/","UY","2","False","False","False","False","False","10"
"startup","apasomics","Apasomics","ready_for_semantic","include","reviewed","medium","8","official_website","https://www.apasomics.com/","CR","2","False","False","False","False","False","10"
"startup","apexzymes","APEXzymes","ready_for_semantic","include","reviewed","medium","7.5","official_website","https://apexzymes.com/","BR","2","False","False","False","False","False","10"
"startup","aquit","Aquit","ready_for_semantic","include","reviewed","medium","7.5","external_profile","https://www.f6s.com/company/aquit","CL","3","False","False","False","False","False","10"
"startup","ardan","Ardan","ready_for_semantic","include","reviewed","medium","7","official_website","https://ardan-pharma.com/","UY/AR","1","False","False","False","False","False","10"
"startup","argentag","ArgenTAG","ready_for_semantic","include","reviewed","medium","8","official_company_profile","https://sosv.com/company/argentag/","AR","6","False","False","False","False","False","10"
"startup","arqlite","Arqlite","ready_for_semantic","include","reviewed","medium","7.5","secondary_public_profile","https://curbwaste.com/company-profiles-network/arqlite","AR/US","1","False","False","False","False","False","10"
"startup","avatar_medtech","AVaTAR MedTech","source_backed_seeded","include","seeded","medium","8","official_portfolio_profile","https://www.gridexponential.com/portfolio","AR/US","1","False","False","False","False","False","10"
"startup","ayuvant","Ayuvant","ready_for_semantic","include","reviewed","medium","7.5","official_website","https://www.ayuvant.com/","NL","3","False","False","False","False","False","10"
"startup","beeflow","Beeflow","ready_for_semantic","include","reviewed","medium","8","official_website","https://www.beeflow.com/about-us","US/AR","3","False","False","False","False","False","10"
"startup","bioblends","BioBlends","ready_for_semantic","include","reviewed","medium","8","official_public_profile","https://cancilleria.gob.ar/en/new-technologies/next-form-argentine/bioblends","AR","2","False","False","False","False","False","10"
"startup","biocle","BioCl","source_backed_seeded","include","seeded","medium","8","official_portfolio_profile","https://www.gridexponential.com/portfolio","AR","1","False","False","False","False","False","10"
"startup","bioheuris","Bioheuris","ready_for_semantic","include","reviewed","medium","8","official_website","https://bioheuris.com/aboutus","AR/US","1","False","False","False","False","False","10"
"startup","biometallum","BioMetallum","ready_for_semantic","include","reviewed","medium","8","official_website","https://bio-metallum.com/","AR","2","False","False","False","False","False","10"
"startup","bioplaster_research_inc","BioPlaster Research Inc","ready_for_semantic","include","reviewed","medium","7.5","official_website","https://www.bioplaster-research.com/english/about-us","MX","1","False","False","False","False","False","10"
"startup","bioplastix","Bioplastix","ready_for_semantic","include","reviewed","medium","7.5","official_website","https://bio-plastix.com/","AR/MX","2","False","False","False","False","False","10"
"startup","bioseek","Bioseek","ready_for_semantic","include","reviewed","medium","7","secondary_public_profile","https://www.f6s.com/company/bioseek","BR","1","False","False","False","False","False","10"
"startup","biotalife","Biotalife","ready_for_semantic","include","reviewed","medium","7.5","official_website","https://www.biotalife.com/","BR","2","False","False","False","False","False","10"
"startup","bitgenia","Bitgenia","ready_for_semantic","include","reviewed","medium","7.5","official_website","https://www.bitgenia.com/nosotros/","AR","2","False","False","False","False","False","10"
"startup","brain_ag","Brain.ag","source_backed_seeded","include","seeded","medium","7.5","public_profile","https://www.linkedin.com/company/brain-agriculture","BR","1","False","False","False","False","False","10"
"startup","break_pet","BreakPET","source_backed_seeded","include","seeded","medium","7.5","official_portfolio_profile","https://www.gridexponential.com/portfolio","AR","2","False","False","False","False","False","10"
"startup","bug_agentes_biologicos","BUG Agentes Biologicos","source_backed_seeded","include","seeded","medium","8","official_portfolio_profile","https://spventures.com.br/portfolio/","BR","1","False","False","False","False","False","10"
"startup","bybug","ByBug","source_backed_seeded","include","seeded","medium","7.5","official_portfolio_profile","https://www.gridexponential.com/portfolio","AR","2","False","False","False","False","False","10"
"startup","calfix","Calfix","source_backed_seeded","include","seeded","medium","7","public_company_profile","https://www.linkedin.com/company/calfix-bio","AR","1","False","False","False","False","False","10"
"startup","calice","Calice","ready_for_semantic","include","reviewed","medium","7.5","official_website","https://calice.ai/eng/","AR","1","False","False","False","False","False","10"
"startup","caligenia","Caligenia","source_backed_seeded","include","seeded","medium","7.5","official_portfolio_profile","https://www.gridexponential.com/portfolio","AR","2","False","False","False","False","False","10"
"startup","cellco","CellCo","ready_for_semantic","include","reviewed","","","linkedin_company_profile","https://www.linkedin.com/company/the-cellco","US/AR","1","False","False","False","False","False","10"
"startup","cellrep","CellRep","ready_for_semantic","include","reviewed","medium","7.5","official_website","https://cellrep.bio/about-us/","AR","2","False","False","False","False","False","10"
"startup","cellva","Cellva","ready_for_semantic","include","reviewed","medium","8","official_website","https://cellva.com/","BR","1","False","False","False","False","False","10"
"startup","circa_therapeutics","Circa Therapeutics","ready_for_semantic","include","reviewed","medium","8","official_website","https://circatherapeutics.com/","AE/AR","1","False","False","False","False","False","10"
"startup","circclo","CIRCCLO","source_backed_seeded","include","seeded","medium","8","candidate_website_from_user_csv","https://circclo.com","AR","2","False","False","False","False","False","10"
"startup","courageous_land","Courageous Land","source_backed_seeded","include","seeded","medium","8","candidate_website_from_user_csv","https://courageousland.com","BR","1","False","False","False","False","False","10"
"startup","cryosmetics","Cryosmetics","source_backed_seeded","include","seeded","medium","7.5","official_portfolio_profile","https://www.gridexponential.com/portfolio","AR","2","False","False","False","False","False","10"
"startup","cyanomin","CyanoMin","source_backed_seeded","include","seeded","medium","8","official_portfolio_profile","https://www.gridexponential.com/portfolio","AR","2","False","False","False","False","False","10"
"startup","cytbac","Cytbac","source_backed_seeded","include","seeded","medium","7","external_profile","https://wiselatinamerica.com/Proyecto_Detalle.aspx?proyecto_id=1064","AR","1","False","False","False","False","False","10"
"startup","decoy","Decoy","source_backed_seeded","include","seeded","medium","8","official_portfolio_profile","https://spventures.com.br/categorias-portfolio/alternative-inputs-biologicals/","BR","1","False","False","False","False","False","10"
"startup","delee","Delee","source_backed_seeded","include","seeded","","","official_portfolio_profile","https://theganeshalab.com/startup/delee/","MX","1","False","False","False","False","False","10"
"startup","einsted","Einsted","ready_for_semantic","include","reviewed","medium","8","official_website","https://einsted.bio/","AR","2","False","False","False","False","False","10"
"startup","eiwa","Eiwa","ready_for_semantic","include","reviewed","medium","8","official_website","https://eiwa.ag/en/about-us/","AR","2","False","False","False","False","False","10"
"startup","elytron_biotech","Elytron Biotech","ready_for_semantic","include","reviewed","medium","8","official_website","https://www.elytronbiotech.com/?lang=en","AR","2","False","False","False","False","False","10"
"startup","embryoxite","Embryoxite","source_backed_seeded","include","seeded","medium","7.5","official_portfolio_profile","https://www.gridexponential.com/portfolio","AR","2","False","False","False","False","False","10"
"startup","enteria","Enteria","source_backed_seeded","include","seeded","medium","7.5","official_portfolio_profile","https://www.gridexponential.com/portfolio","AR","2","False","False","False","False","False","10"
"startup","enzyva","Enzyva","ready_for_semantic","include","reviewed","medium","7.5","official_website","https://www.enzyvo.com/about","BR","1","False","False","False","False","False","10"
"startup","epiliquid","Epiliquid","ready_for_semantic","include","reviewed","medium","7.5","public_company_profile","https://ar.linkedin.com/company/epiliquid","AR","3","False","False","False","False","False","10"
"startup","ergo_bioscience","Ergo Bioscience","ready_for_semantic","include","reviewed","medium","8","official_website","https://www.ergobiotech.com/who-we-are","AR","1","False","False","False","False","False","10"
"startup","erural","Erural","source_backed_seeded","include","seeded","medium","7","external_profile","https://www.f6s.com/company/erural","BR","1","False","False","False","False","False","10"
"startup","exomas","Exomas","ready_for_semantic","include","reviewed","medium","7.5","official_website","https://www.exomas.co/","AR","2","False","False","False","False","False","10"
"startup","eywa_biotech","Eywa Biotech","ready_for_semantic","include","reviewed","medium","7.5","official_website","https://www.eywa.bio/","AR","1","False","False","False","False","False","10"
"startup","fecundis","Fecundis","ready_for_semantic","include","reviewed","medium","8","official_website","https://www.fecundis.com/","AR","2","False","False","False","False","False","10"
"startup","feedvax","Feedvax","ready_for_semantic","include","reviewed","medium","8","official_website","https://www.feedvax.com/","US/AR","1","False","False","False","False","False","10"
"startup","food4you","Food4You","source_backed_seeded","include","seeded","medium","7.5","official_portfolio_profile","https://www.gridexponential.com/portfolio","AR","1","False","False","False","False","False","10"
"startup","frizata","Frizata","source_backed_seeded","include","seeded","medium","7.5","external_profile","https://www.f6s.com/frizata","AR/BR","1","False","False","False","False","False","10"
"startup","gameet","Gameet","ready_for_semantic","include","reviewed","medium","7","official_website","https://www.gameet.life/","AR","2","False","False","False","False","False","10"
"startup","genotyping","Genotyping","source_backed_seeded","include","seeded","medium","8","secondary_public_profile","https://genotyping.com.br/testes-geneticos-estao-mais-acessiveis-no-brasil/","BR","1","False","False","False","False","False","10"
"startup","geoprot","Geoprot","source_backed_seeded","include","seeded","medium","8","candidate_website_from_user_csv","https://geoprot.bio","AR","2","False","False","False","False","False","10"
"startup","gigablue","Gigablue","ready_for_semantic","include","reviewed","medium","8","official_website","https://www.gigablue.co/about","AR","1","False","False","False","False","False","10"
"startup","glycox","GlycoX","ready_for_semantic","include","reviewed","medium","8","official_website","https://www.glycox.bio/","AR","2","False","False","False","False","False","10"
"startup","goflux","goFlux","ready_for_semantic","include","reviewed","medium","8","official_website","https://goflux.com.br/","BR","1","False","False","False","False","False","10"
"startup","heartbest","Heartbest","source_backed_seeded","include","seeded","medium","8","official_portfolio_profile","https://theyieldlablatam.com/companies/heartbest/","MX","1","False","False","False","False","False","10"
"startup","horus_aeronaves","Horus Aeronaves","source_backed_seeded","include","seeded","medium","7.5","secondary_public_profile","https://www.lavca.org/sp-ventures-invests-r3m-in-horus-aeronaves-em-portugues/","BR","1","False","False","False","False","False","10"
"startup","imvalv","Imvalv","source_backed_seeded","include","seeded","medium","8","candidate_website_from_user_csv","https://imvalv.com","AR","1","False","False","False","False","False","10"
"startup","inbioar","Inbioar","ready_for_semantic","include","reviewed","medium","8","official_website","https://inbioar.com/","AR","1","False","False","False","False","False","10"
"startup","infira","Infira","ready_for_semantic","include","reviewed","medium","7","public_company_profile","https://ar.linkedin.com/company/infira","AR","1","False","False","False","False","False","10"
"startup","inmet","INMET","source_backed_seeded","include","seeded","medium","8","official_portfolio_profile","https://sf500.com.ar/","AR","2","False","False","False","False","False","10"
"startup","innovai","Innovai","source_backed_seeded","include","seeded","","","official_portfolio_profile","https://theganeshalab.com/startup/innovai/","CL","1","False","False","False","False","False","10"
"startup","invitrall","Invitrall","ready_for_semantic","include","reviewed","medium","7","official_portfolio_profile","https://www.gridexponential.com/portfolio","AR","2","False","False","False","False","False","10"
"startup","kresko_rnatech","Kresko RNAtech","ready_for_semantic","include","reviewed","medium","8","official_company_profile","https://sosv.com/company/kresko-rnatech/","AR/US","1","False","False","False","False","False","10"
"startup","laurus","Laurus","ready_for_semantic","include","reviewed","medium","8","official_website","https://laurus.bio/about-us/","AR","1","False","False","False","False","False","10"
"startup","levya","Levya","ready_for_semantic","include","reviewed","medium","7","official_website","https://levyabio.com/","AR","1","False","False","False","False","False","10"
"startup","libera","Libera","source_backed_seeded","include","seeded","medium","8","official_portfolio_profile","https://sf500.com.ar/","AR","2","False","False","False","False","False","10"
"startup","lipock","Lipock","ready_for_semantic","include","reviewed","medium","7","official_portfolio_profile","https://www.gridexponential.com/portfolio","AR","1","False","False","False","False","False","10"
"startup","logshare","LogShare","ready_for_semantic","include","reviewed","medium","8","official_website","https://www.logshare.com.br/embarcadores?lang=en","BR","1","False","False","False","False","False","10"
"startup","m4life","M4Life","source_backed_seeded","include","seeded","medium","8","official_portfolio_profile","https://sf500.com.ar/","AR","2","False","False","False","False","False","10"
"startup","mavios","Mavios","ready_for_semantic","include","reviewed","medium","8","official_website","https://mavios.ai/","AR","1","False","False","False","False","False","10"
"startup","microin","MicroIN","source_backed_seeded","include","seeded","medium","8","official_portfolio_profile","https://www.gridexponential.com/portfolio","AR","2","False","False","False","False","False","10"
"startup","microterra","MicroTerra","ready_for_semantic","include","reviewed","medium","8","official_company_profile","https://sosv.com/company/microterra/","MX","2","False","False","False","False","False","10"
"startup","moss","Moss","source_backed_seeded","include","seeded","medium","7.5","official_portfolio_profile","https://spventures.com.br/portfolio/","BR","1","False","False","False","False","False","10"
"startup","muta","MUTA","ready_for_semantic","include","reviewed","medium","8","external_profile","https://www.f6s.com/company/muta-world","CO","1","False","False","False","False","False","10"
"startup","mzp","MZP","source_backed_seeded","include","seeded","medium","7.5","official_portfolio_profile","https://www.f6s.com/company/mzp","AR","2","False","False","False","False","False","10"
"startup","nairotech","Nairotech","source_backed_seeded","include","seeded","medium","7","external_company_profile","https://connectamericas.com/es/company/nairotech-desarrollo-e-innovacion-sa","AR","1","False","False","False","False","False","10"
"startup","nanojump_bio","Nano Jump Bio","ready_for_semantic","include","reviewed","medium","7","official_portfolio_profile","https://es.gridexponential.com/project-tag/tools","AR","1","False","False","False","False","False","10"
"startup","nanogrow_biotech","Nanogrow Biotech","ready_for_semantic","include","reviewed","medium","7.5","official_website","https://www.nanogrowbiotech.com/","BR","1","False","False","False","False","False","10"
"startup","nanoprox","NanoproX","ready_for_semantic","include","reviewed","medium","7.5","official_website","https://www.nanoprox.com/","AR","1","False","False","False","False","False","10"
"startup","nanotransfer","Nanotransfer","ready_for_semantic","include","reviewed","medium","8","official_website","https://nanotransfer.bio/","AR","3","False","False","False","False","False","10"
"startup","naturannova","Naturannova","ready_for_semantic","include","reviewed","medium","8","official_website","https://naturannova.com/","CL","2","False","False","False","False","False","10"
"startup","neocell","Neocell","ready_for_semantic","include","reviewed","medium","8","official_website","https://neocellbiotech.com/","AR","1","False","False","False","False","False","10"
"startup","new_organs_biotech","New Organs Biotech","source_backed_seeded","include","seeded","medium","8","official_portfolio_profile","https://www.gridexponential.com/portfolio","AR","1","False","False","False","False","False","10"
"startup","nexxto","Nexxto","source_backed_seeded","include","seeded","medium","7.5","external_profile","https://www.f6s.com/company/nexxto","BR","1","False","False","False","False","False","10"
"startup","nideport","Nideport","source_backed_seeded","include","seeded","medium","7.5","candidate_website_from_user_csv","https://nideport.com","AR","2","False","False","False","False","False","10"
"startup","nilus","Nilus","source_backed_seeded","include","seeded","medium","7.5","official_portfolio_profile","https://newtopia.vc/portfolio/","AR/LatAm","1","False","False","False","False","False","10"
"startup","notfossil","NotFossil","source_backed_seeded","include","seeded","medium","8","official_portfolio_profile","https://sf500.com.ar/","AR","2","False","False","False","False","False","10"
"startup","nude","Nude","ready_for_semantic","include","reviewed","medium","8","official_website","https://heynude.com.br/","BR","1","False","False","False","False","False","10"
"startup","ocular_bio_design","Ocular Bio Design","ready_for_semantic","include","reviewed","medium","8","official_public_profile","https://conecta.tec.mx/en/news/national/entrepreneurs/how-tec-community-develops-solutions-social-purpose-and-science","AR","1","False","False","False","False","False","10"
"startup","outpost","Outpost","ready_for_semantic","include","reviewed","medium","7","official_website","https://www.outpost.bio/","US/AR","1","False","False","False","False","False","10"
"startup","pepton","Pepton","source_backed_seeded","include","seeded","medium","7","external_news_profile","https://cites-gss.com/en/alianza-estrategica-con-uovo-para-impulsar-pepton-y-revolucionar-la-biotecnologia-en-argentina/","AR","1","False","False","False","False","False","10"
"startup","phylumtech","PhylumTech","ready_for_semantic","include","reviewed","medium","7","official_website","https://www.phylumtech.com/home/en/company/","AR","1","False","False","False","False","False","10"
"startup","plamic","Plamic","source_backed_seeded","include","seeded","medium","8","candidate_website_from_user_csv","https://plamic.bio","AR","1","False","False","False","False","False","10"
"startup","poas_bioenergy","Poás Bioenergy","ready_for_semantic","include","reviewed","medium","7.5","official_website","https://www.poasbioenergy.com/","CR","1","False","False","False","False","False","10"
"startup","polymera","POLYMERA","ready_for_semantic","include","reviewed","medium","7","public_company_profile","https://www.linkedin.com/company/polymera","UY","2","False","False","False","False","False","10"
"startup","pregen","PreGen","ready_for_semantic","include","reviewed","medium","8","official_public_profile","https://www.linkedin.com/posts/grid-exponential_gridx-activity-7381742354665381888-Gp0R","AR","1","False","False","False","False","False","10"
"startup","protiva","Protiva","ready_for_semantic","include","reviewed","medium","7.5","official_website","https://www.protiva.bio/","CL","2","False","False","False","False","False","10"
"startup","qnity","Qnity","source_backed_seeded","include","seeded","medium","8","linkedin_company_profile","https://www.linkedin.com/company/qnity","AR","2","False","False","False","False","False","10"
"startup","radbio","Radbio","ready_for_semantic","include","reviewed","medium","8","official_website","https://radbiopharm.com/","AR","2","False","False","False","False","False","10"
"startup","radial","Radial","ready_for_semantic","include","reviewed","medium","8","official_portfolio_profile","https://www.gridexponential.com/portfolio","AR","2","False","False","False","False","False","10"
"startup","resistia","Resistia","ready_for_semantic","include","reviewed","medium","7","public_company_profile","https://www.linkedin.com/company/resistia","AR","1","False","False","False","False","False","10"
"startup","ruuts","Ruuts","ready_for_semantic","include","reviewed","medium","8","official_website","https://ruuts.la/","CL","3","False","False","False","False","False","10"
"startup","satellogic","Satellogic","ready_for_semantic","include","reviewed","medium","7.5","official_website","https://satellogic.com/earth-observation/environment-climate/","AR/UY","3","False","False","False","False","False","10"
"startup","sciphage","SciPhage","source_backed_seeded","include","seeded","","","official_portfolio_profile","https://theganeshalab.com/startup/sciphage/","CO","1","False","False","False","False","False","10"
"startup","scitherm_therapeutics","Scitherm Therapeutics","ready_for_semantic","include","reviewed","medium","8","official_website","https://scitherm.bio/","MX/US","1","False","False","False","False","False","10"
"startup","semion","Semion","ready_for_semantic","include","reviewed","medium","8","official_website","https://semionbio.com/","AR","2","False","False","False","False","False","10"
"startup","sensify","Sensify","ready_for_semantic","include","reviewed","medium","7","official_public_profile","https://cancilleria.gob.ar/en/new-technologies/next-from-argentina-en/sensify","AR","2","False","False","False","False","False","10"
"startup","siloreal","SiloReal","ready_for_semantic","include","reviewed","medium","7.5","official_website","https://www.siloreal.com/en/","AR","3","False","False","False","False","False","10"
"startup","single_strand_biotech","Single Strand Biotech","ready_for_semantic","include","reviewed","medium","7.5","official_website","https://www.singlestrand.com/","AR","1","False","False","False","False","False","10"
"startup","solfium","Solfium","ready_for_semantic","include","reviewed","medium","7","official_website","https://solfium.com/en/","MX/AR","1","False","False","False","False","False","10"
"startup","soygreen","SoyGREEN","source_backed_seeded","include","seeded","medium","7.5","candidate_website_from_user_csv","https://soygreen.com.ar","AR","2","False","False","False","False","False","10"
"startup","speclab","SpecLab","source_backed_seeded","include","seeded","medium","7.5","secondary_public_profile","https://www.crunchbase.com/organization/speclab","BR","1","False","False","False","False","False","10"
"startup","spherebio","SphereBio","ready_for_semantic","include","reviewed","medium","8","official_website","https://www.spherebio.co/","AR","2","False","False","False","False","False","10"
"startup","sylvarum","Sylvarum","source_backed_seeded","include","seeded","medium","8","candidate_website_from_user_csv","https://sylvarum.com","AR","3","False","False","False","False","False","10"
"startup","tell","Tell","source_backed_seeded","include","seeded","medium","8","official_portfolio_profile","https://theganeshalab.com/startup/tell/","AR","3","False","False","False","False","False","10"
"startup","tesabio_ai","Tesabio.ai","ready_for_semantic","include","reviewed","medium","7.5","official_website","https://www.tesabio.ai/","AR","1","False","False","False","False","False","10"
"startup","tintte","Tintte","ready_for_semantic","include","reviewed","medium","7","official_public_profile","https://cancilleria.gob.ar/en/new-technologies/next-form-argentine/tintte","AR","2","False","False","False","False","False","10"
"startup","tracestory","Tracestory","ready_for_semantic","include","reviewed","medium","8","official_website","https://www.tracestory.com/en/home","AR/US","1","False","False","False","False","False","10"
"startup","untech","UnTech","source_backed_seeded","include","seeded","medium","8","candidate_website_from_user_csv","https://untech.bio","AR","1","False","False","False","False","False","10"
"startup","updairy","Updairy","source_backed_seeded","include","seeded","medium","8","candidate_website_from_user_csv","https://updairy.com","SG/AR","2","False","False","False","False","False","10"
"startup","viewmind","ViewMind","ready_for_semantic","include","reviewed","medium","8","official_website","https://www.viewmind.com/about/","AR/US","2","False","False","False","False","False","10"
"startup","wiagro","Wiagro","ready_for_semantic","include","reviewed","medium","8","official_website","https://www.wiagro.com/","AR","1","False","False","False","False","False","10"
"startup","aegro","Aegro","ready_for_semantic","include","reviewed","high","8.5","official_website","https://aegro.com.br/","BR","1","False","False","False","False","False","5"
"startup","agrojusto","Agrojusto","ready_for_semantic","include","reviewed","high","8.5","official_website","https://agrojustoinc.com/","AR","3","False","False","False","False","False","5"
"startup","arado","Arado","ready_for_semantic","include","reviewed","high","8.5","official_website","https://www.sobre.arado.com.br/","BR","1","False","False","False","False","False","5"
"startup","arakion","Arakion","ready_for_semantic","include","reviewed","high","8.5","official_portfolio_profile","https://www.gridexponential.com/portfolio","AR","1","False","False","False","False","False","5"
"startup","auravant","Auravant","ready_for_semantic","include","reviewed","high","8.5","official_website","https://www.auravant.com/en/about-us/","AR","2","False","False","False","False","False","5"
"startup","bioeutectics","Bioeutectics","source_backed_seeded","include","seeded","high","8.5","official_website","https://www.bioeutectics.com/","AR/US","2","False","False","False","False","False","5"
"startup","biosynaptica","BioSynaptica","ready_for_semantic","include","reviewed","high","8.5","official_website","https://biosynaptica.com/","AR","1","False","False","False","False","False","5"
"startup","cell_farm","Cell Farm","ready_for_semantic","include","reviewed","high","8.5","official_website","https://www.cell.farm/","AR","1","False","False","False","False","False","5"
"startup","deepagro","DeepAgro","source_backed_seeded","include","seeded","high","9","official_website","https://www.deepagro.com/","AR","2","False","False","False","False","False","5"
"startup","eiru","Eirú","source_backed_seeded","include","seeded","high","8.5","official_portfolio_profile","https://sf500.com.ar/","AR","3","False","False","False","False","False","5"
"startup","HIAMET","HIAMET","source_backed_seeded","include","seeded","high","8.5","candidate_website_from_user_csv","https://hiamet.com","AR","2","False","False","False","False","False","5"
"startup","huiro","Huiro","ready_for_semantic","include","reviewed","high","8.5","official_website","https://www.huiroregenerativo.com/en","CL","2","False","False","False","False","False","5"
"startup","imeve","Imeve","ready_for_semantic","include","reviewed","high","8.5","official_website","https://imeve.com.br/en/about-us","BR","1","False","False","False","False","False","5"
"startup","inceres","InCeres","ready_for_semantic","include","reviewed","high","8.5","official_website","https://www.inceres.com.br/","BR","1","False","False","False","False","False","5"
"startup","kigui","Kigüi","ready_for_semantic","include","reviewed","high","8.5","official_website","https://kigui.io/en/","MX/AR","3","False","False","False","False","False","5"
"startup","kilimo","Kilimo","source_backed_seeded","include","seeded","high","9","official_website","https://kilimo.com/en/about-us/","AR","4","False","False","False","False","False","5"
"startup","leaf","Leaf","ready_for_semantic","include","reviewed","high","8.5","official_website","https://withleaf.io/","US/BR","1","False","False","False","False","False","5"
"startup","magnamed","Magnamed","ready_for_semantic","include","reviewed","high","8.5","official_website","https://www.inovacoesmagnamed.com.br/company","BR","1","False","False","False","False","False","5"
"startup","michroma","Michroma","source_backed_seeded","include","seeded","high","9","official_website","https://www.michroma.co/who-we-are","AR/US","3","False","False","False","False","False","5"
"startup","microgenesis","Microgenesis","ready_for_semantic","include","reviewed","high","8.5","official_website","https://www.microgenesis.net/","AR/US","3","False","False","False","False","False","5"
"startup","migma","MIGMA","source_backed_seeded","include","seeded","high","8.5","linkedin_company_profile","https://ar.linkedin.com/company/migma-co","AR","2","False","False","False","False","False","5"
"startup","nanoingreen","Nanoingreen","source_backed_seeded","include","seeded","high","8.5","candidate_website_from_user_csv","https://nanoingreen.com","AR","2","False","False","False","False","False","5"
"startup","nat4bio","Nat4Bio","ready_for_semantic","include","reviewed","high","8.5","official_company_profile","https://sosv.com/company/nat4bio/","AR","3","False","False","False","False","False","5"
"startup","oncoliq","Oncoliq","source_backed_seeded","include","seeded","high","8.5","official_portfolio_profile","https://sf500.com.ar/","AR","3","False","False","False","False","False","5"
"startup","promip","Promip","ready_for_semantic","include","reviewed","high","9","official_website","https://promip.agr.br/institucional/","BR","1","False","False","False","False","False","5"
"startup","seedmatriz","SeedMatriz","ready_for_semantic","include","reviewed","high","8.5","official_website","https://seedmatriz.com/en/","AR","1","False","False","False","False","False","5"
"startup","seedz","Seedz","ready_for_semantic","include","reviewed","high","8.5","official_website","https://www.seedz.ag/","BR","1","False","False","False","False","False","5"
"startup","sette","Sette","ready_for_semantic","include","reviewed","high","8.5","official_website","https://www.sette.ag/","BR","1","False","False","False","False","False","5"
"startup","splight","Splight","ready_for_semantic","include","reviewed","high","8.5","official_website","https://content.splight-ai.com/blog/ai-powered-grids-the-future-of-efficient-renewable-energy","US/AR","2","False","False","False","False","False","5"
"startup","stamm","Stämm","source_backed_seeded","include","seeded","high","9","official_website","https://www.stamm.bio/about-us","AR","3","False","False","False","False","False","5"
"startup","terramagna","TerraMagna","ready_for_semantic","include","reviewed","high","8.5","official_website","https://terramagna.com.br/","BR","1","False","False","False","False","False","5"
"startup","traive","Traive","ready_for_semantic","include","reviewed","high","8.5","official_website","https://traive.com.br/en/","BR","1","False","False","False","False","False","5"
"startup","um_grau_e_meio","Um Grau e Meio","ready_for_semantic","include","reviewed","high","8.5","official_portfolio_profile","https://theyieldlablatam.com/companies/um-grau-e-meio/","BR","1","False","False","False","False","False","5"
"startup","unibaio","Unibaio","ready_for_semantic","include","reviewed","high","8.5","official_company_profile","https://sosv.com/company/unibaio/","AR","4","False","False","False","False","False","5"
"startup","waterplan","Waterplan","ready_for_semantic","include","reviewed","high","8.5","official_website","https://www.waterplan.com/","AR/US","1","False","False","False","False","False","5"
"startup","zoomagri","ZoomAgri","ready_for_semantic","include","reviewed","high","8.5","official_website","https://zoomagri.com/en/home/","AR/ES","1","False","False","False","False","False","5"
"startup","abastra","AbAstra","exclude_confirmed","exclude","reviewed","medium","8","official_website","https://www.abastra.com/","AR","1","False","False","False","False","False","0"
"startup","aerialoop","Aerialoop","exclude_confirmed","exclude","reviewed","medium","7","official_website","https://www.aerialoop.com/","EC/US","1","False","False","False","False","False","0"
"startup","altscore","Altscore","exclude_confirmed","exclude","reviewed","fragile","6","official_website","https://www.altscore.ai/","","1","False","False","False","False","False","0"
"startup","arcus","Arcus","exclude_confirmed","exclude","reviewed","medium","8","official_website","https://www.arcus.co/","","0","False","False","False","False","False","0"
"startup","axenya","Axenya","exclude_confirmed","exclude","reviewed","medium","8","official_website","https://axenya.com/","","0","False","False","False","False","False","0"
"startup","bacu","BACU","exclude_confirmed","exclude","reviewed","medium","8","official_website","https://www.bacu.co/","","1","False","False","False","False","False","0"
"startup","bekeu","Bekeu","exclude_confirmed","exclude","reviewed","medium","8","official_website","https://www.bekeu.com/","","0","False","False","False","False","False","0"
"startup","betterfly","Betterfly","exclude_confirmed","exclude","reviewed","medium","8","official_website","https://betterfly.com/en/about-betterfly/","","0","False","False","False","False","False","0"
"startup","blerify","Blerify","exclude_confirmed","exclude","reviewed","medium","7.5","official_website","https://blerify.com/es/","AR/US","1","False","False","False","False","False","0"
"startup","chazki","Chazki","exclude_confirmed","exclude","reviewed","medium","8","official_website","https://www.chazki.com/","","0","False","False","False","False","False","0"
"startup","circular","Circular","exclude_confirmed","exclude","reviewed","medium","8","official_website","https://circular.com","AR","1","False","False","False","False","False","0"
"startup","clover","Clover","exclude_confirmed","exclude","reviewed","medium","8","official_website","https://www.clover.com.ar/","US/AR","1","False","False","False","False","False","0"
"startup","conciencia","Conciencia","ready_for_analysis","exclude","seeded","medium","8","candidate_website_from_user_csv","https://conciencia.education","AR","3","False","False","False","False","False","0"
"startup","concil","Concil","exclude_confirmed","exclude","reviewed","medium","8","official_portfolio_profile","https://www.spventures.com.br/","BR","1","False","False","False","False","False","0"
"startup","crinsurance","CRInsurance","ready_for_analysis","exclude","seeded","medium","8","candidate_website_from_user_csv","https://crinsurance.com.br","AR","2","False","False","False","False","False","0"
"startup","dynami","Dynami","exclude_confirmed","exclude","reviewed","medium","8","official_website","https://www.dynami.ai/","","2","False","False","False","False","False","0"
"startup","egg","Egg","exclude_confirmed","exclude","reviewed","medium","7","external_profile","https://www.thecompanycheck.com/company/b/egg/9xjv91mufoaes1t4s","AR","2","False","False","False","False","False","0"
"startup","endless","Endless","ready_for_analysis","exclude","seeded","medium","8","candidate_website_from_user_csv","https://endlessos.org","US","0","False","False","False","False","False","0"
"startup","ethos","Ethos","exclude_confirmed","exclude","reviewed","medium","7","official_website","https://www.ethos.vc/","US/Latam","1","False","False","False","False","False","0"
"startup","eureka","Eureka","exclude_confirmed","exclude","reviewed","medium","8","public_website","https://eurekamomentsfactory.com/","","2","False","False","False","False","False","0"
"startup","falcomm","Falcomm","exclude_confirmed","exclude","reviewed","medium","8","public_company_profile","https://techcrunch.com/startup-battlefield/company/falcomm/","","2","False","False","False","False","False","0"
"startup","flexza","Flexza","exclude_confirmed","exclude","reviewed","medium","8","public_company_profile","https://www.linkedin.com/company/hola-flexza/","","0","False","False","False","False","False","0"
"startup","gbm","GBM","exclude_confirmed","exclude","reviewed","medium","7","official_website","https://gbm.com/","MX","2","False","False","False","False","False","0"
"startup","ini","INI","exclude_confirmed","exclude","reviewed","medium","7","external_news_profile","https://www.forbesargentina.com/innovacion/como-ini-unica-fintech-region-procesa-pagos-internet-n36586","AR","1","False","False","False","False","False","0"
"startup","lia_aeospace","LIA Aeospace","exclude_confirmed","exclude","reviewed","medium","7","official_website","https://lia-aerospace.com/","AR","0","False","False","False","False","False","0"
"startup","lupeon","Lupeon","exclude_confirmed","exclude","reviewed","medium","7.5","secondary_public_profile","https://www.cbinsights.com/company/lupeon","BR","1","False","False","False","False","False","0"
"startup","mabloc","Mabloc","exclude_confirmed","exclude","reviewed","medium","8","official_website","https://www.mabloc.com/","BR","0","False","False","False","False","False","0"
"startup","mentatech","MentaTech","exclude_confirmed","exclude","reviewed","medium","7","public_company_signal","https://es.linkedin.com/posts/mentatech_partnerspotlight-ticketing-innovation-activity-7389643498267901954-Er8i","AR","1","False","False","False","False","False","0"
"startup","novo_space","NOVO SPACE","exclude_confirmed","exclude","reviewed","medium","7.5","official_website","https://www.novo.space/","AR/US","0","False","False","False","False","False","0"
"startup","openlayer","Openlayer","exclude_confirmed","exclude","reviewed","medium","8","official_website","https://www.openlayer.com/about","","0","False","False","False","False","False","0"
"startup","quantum_south","Quantum South","exclude_confirmed","exclude","reviewed","medium","7","official_website","https://quantum-south.com/","UY","0","False","False","False","False","False","0"
"startup","retrypay","Retrypay","exclude_confirmed","exclude","reviewed","medium","8","external_profile","https://www.f6s.com/retrypay","","1","False","False","False","False","False","0"
"startup","ruedata","Ruedata","exclude_confirmed","exclude","reviewed","medium","7","official_website","https://ruedata.com/","CO/AR","1","False","False","False","False","False","0"
"startup","sensei","Sensei","exclude_confirmed","exclude","reviewed","medium","8","official_website","https://www.sensei.tech/","","1","False","False","False","False","False","0"
"startup","skyloom","Skyloom","exclude_confirmed","exclude","reviewed","medium","7.5","official_website","https://www.skyloom.co/","US/AR","4","False","False","False","False","False","0"
"startup","stradot","Stradot","exclude_confirmed","exclude","reviewed","medium","7","external_profile","https://www.crunchbase.com/organization/stradot","FR/AR","2","False","False","False","False","False","0"
"startup","verge_ag","Verge Ag","exclude_confirmed","exclude","reviewed","medium","8","official_website","https://vergeag.com/blog/post/sp-ventures-invests-in-verge-ag1","CA","1","False","False","False","False","False","0"
"startup","vmind","VMind","exclude_confirmed","exclude","reviewed","medium","8","public_company_profile","https://www.f6s.com/company/vmind","","2","False","False","False","False","False","0"
"startup","aloi","Aloi","exclude_confirmed","exclude","reviewed","high","8.5","official_website","https://aloi.tech/","US/Latam","0","False","False","False","False","False","-5"
"startup","auth0","Auth0","exclude_confirmed","exclude","reviewed","high","8.5","official_website","https://auth0.com/","","2","False","False","False","False","False","-5"
"startup","capim","Capim","exclude_confirmed","exclude","reviewed","high","8.5","official_website","https://capim.com.br/","BR","0","False","False","False","False","False","-5"
"startup","geofusion","Geofusion","exclude_confirmed","exclude","reviewed","high","8.5","official_website","https://geofusion.com.br/quem-somos/","BR","1","False","False","False","False","False","-5"
"startup","oneinfinite","OneInfinite","exclude_confirmed","exclude","reviewed","high","8.5","official_website","https://www.oneinfinite.la/en","AR","2","False","False","False","False","False","-5"
"startup","teramot","Teramot","exclude_confirmed","exclude","reviewed","high","8.5","linkedin_company_profile","https://www.linkedin.com/company/teramot","AR","1","False","False","False","False","False","-5"
"startup","webee","Webee","exclude_confirmed","exclude","reviewed","high","8.5","official_website","https://www.webee.io/","US/AR","1","False","False","False","False","False","-5"
"startup","wisy","Wisy","exclude_confirmed","exclude","reviewed","high","8.5","official_website","https://wisy.ai/home/","US/AR","1","False","False","False","False","False","-5"
