"startup_id","startup_name","semantic_single_theme","semantic_single_cluster_id","semantic_single_score","semantic_single_margin","semantic_single_confidence","semantic_single_override","semantic_single_override_reason","source_url","review_status","technology_features","industry_features"
"aegro","Aegro","ag biologicals and crop resilience","k12_cluster_3","27.6","19.2","high","no","","https://aegro.com.br/","reviewed","farm; saas; records; pest; monitoring; input","crop; livestock; farm"
"agrivalle","Agrivalle","ag biologicals and crop resilience","k12_cluster_3","44.1","25.1","high","no","","https://agrivalle.com.br/","reviewed","biofertilizers; biostimulants; inoculants; adjuvants; biological; crop","crop; nutrition"
"arakion","Arakion","ag biologicals and crop resilience","k12_cluster_3","46.4","29.8","high","no","","https://www.gridexponential.com/portfolio","reviewed","venom; peptides; rational; molecular; design; crop","crop; protection"
"beam_croptech","BEAM CropTech","ag biologicals and crop resilience","k12_cluster_3","41.4","28.6","high","no","","https://beamcroptech.com/en/home-en/","reviewed","plant; photobiology; genetic; engineering; seed; trait","seed"
"bioheuris","Bioheuris","ag biologicals and crop resilience","k12_cluster_3","45.1","32","high","no","","https://bioheuris.com/aboutus","reviewed","gene; editing; crop; trait; development; plant",""
"bsafe_biotech","Bsafe Biotech","ag biologicals and crop resilience","k12_cluster_3","32.4","25.7","high","no","","https://www.bsafebiotech.com/","reviewed","genetics; microorganisms; biological; control",""
"bug_agentes_biologicos","BUG Agentes Biologicos","ag biologicals and crop resilience","k12_cluster_3","47.4","41.5","high","no","","https://spventures.com.br/portfolio/","reviewed","parasitoids; biological; pest; control; trichogramma; wasps","crop; protection"
"cyanomin","CyanoMin","ag biologicals and crop resilience","k12_cluster_3","20.6","12.7","high","no","","https://www.cyanomin.bio/","reviewed","extremophilic; bacteria; bacterial; biofilms; adsorption; biodesalination","mining; lithium; water; treatment; recovery"
"decoy","Decoy","ag biologicals and crop resilience","k12_cluster_3","39","34.6","high","no","","https://spventures.com.br/categorias-portfolio/alternative-inputs-biologicals/","reviewed","biopesticides; biological; pest; control; livestock; alternative","livestock"
"elytron_biotech","Elytron Biotech","ag biologicals and crop resilience","k12_cluster_3","22.9","14.1","high","no","","https://www.elytronbiotech.com/?lang=en","reviewed","development; genomics; gene; editing; molecular; bioinformatics","bioindustry; biological"
"genica","Gênica","ag biologicals and crop resilience","k12_cluster_3","36.5","20.3","high","no","","https://genica.com.br/","reviewed","bioinputs; microbial; bioprospection; molecular; techniques; bioinformatics","crop; soil"
"inceres","InCeres","ag biologicals and crop resilience","k12_cluster_3","23.8","9.4","medium","no","","https://www.inceres.com.br/","reviewed","agronomic; saas; satellite; imagery; soil; sampling","crop; agronomic; consulting"
"infira","Infira","ag biologicals and crop resilience","k12_cluster_3","57.1","45.2","high","no","","https://ar.linkedin.com/company/infira","reviewed","plant; genetics; gene; editing; crop; biotechnology","seed; crop; genetics"
"innova_space","Innova Space","ag biologicals and crop resilience","k12_cluster_3","26.3","4.9","medium","no","","https://www.innova-space.com/en/","reviewed","picosatellites; satellite; environmental; monitoring; water; quality","environmental; monitoring; water; quality; remote"
"inprenha","Inprenha","ag biologicals and crop resilience","k12_cluster_3","18.1","3.2","curated","yes","Source-backed profile is animal reproduction biotechnology for livestock productivity.","https://www.spventures.com.br/","reviewed","proteins; biotechnology; animal; reproduction","animal; reproduction; livestock"
"kilimo","Kilimo","ag biologicals and crop resilience","k12_cluster_3","21.3","11","medium","no","","https://kilimo.com/","reviewed","data; agronomy; climate; measurement","watershed"
"krilltech","Krilltech","ag biologicals and crop resilience","k12_cluster_3","34.1","16.1","high","no","","https://krilltech.com.br/","reviewed","organic; nanostructures; biofertilizer; biofortification; nutrient; carrier","crop; plant; nutrition; biologicals"
"m4life","M4Life","ag biologicals and crop resilience","k12_cluster_3","47.6","27.8","high","no","","https://sf500.com.ar/","reviewed","biological; plant; resilience; enhancer; abiotic; stress",""
"nanotica","Nanotica","ag biologicals and crop resilience","k12_cluster_3","31.5","19.6","high","no","","https://nanotica.com.ar/en/","reviewed","nanotechnology; nanoencapsulation; agrochemical; crop; protection; farm","crop; protection"
"neocrop-technologies","Neocrop Technologies","ag biologicals and crop resilience","k12_cluster_3","55.5","41.3","high","no","","https://zentynel.com/en/portfolio/","reviewed","precision; gene; editing; accelerated; breeding; crop","seed"
"nexxto","Nexxto","ag biologicals and crop resilience","k12_cluster_3","21.7","10","medium","no","","https://nexxto.com/","reviewed","sensors; temperature; monitoring; humidity; asset; tracking","retail; logistics; healthcare; cold; chain"
"nunatak_biotech","Nunatak Biotech","ag biologicals and crop resilience","k12_cluster_3","50","31.6","high","no","","https://www.nunatakbio.com/","reviewed","plant; microbiome; microbial; symbiosis; soil; restoration","crop; soil; restoration; regenerative"
"precision_ag","Precision Ag","ag biologicals and crop resilience","k12_cluster_3","40.5","23.4","high","no","","https://www.precision.agr.br/en","reviewed","drones; precision; spraying; solid; input; dispersion","crop; input; application"
"promip","Promip","ag biologicals and crop resilience","k12_cluster_3","53.6","41.8","high","no","","https://promip.agr.br/institucional/","reviewed","macrobiologicals; microbiologicals; biofactory; integrated; pest; crop","crop; pest; biologicals"
"puna_bio","Puna Bio","ag biologicals and crop resilience","k12_cluster_3","33.2","23.5","high","no","","https://www.puna.bio/en","reviewed","extremophile; microbiology; microbial; inoculants","seeds; crop"
"qumir_nano","Qumir Nano","ag biologicals and crop resilience","k12_cluster_3","40.6","21.8","high","no","","https://www.qumirnano.com/","reviewed","microbial; metabolites; nanodelivery; nanoinputs; crop; protection","crop; protection; plant; regenerative"
"seedmatriz","SeedMatriz","ag biologicals and crop resilience","k12_cluster_3","23.6","1.8","curated","yes","Source-backed profile centers seed treatment and biological crop productivity rather than generic market infrastructure.","https://seedmatriz.com/en/","reviewed","seed; encapsulation; quality; analytics; agronomy; data","seeds"
"semion","Semion","ag biologicals and crop resilience","k12_cluster_3","53.9","43.8","high","no","","https://semionbio.com/","reviewed","crop; defense; activation; biomimicry; plant; resilience",""
"siloreal","SiloReal","ag biologicals and crop resilience","k12_cluster_3","22.2","12.5","high","no","","https://www.siloreal.com/en/","reviewed","remote; verification; assets; digital; collateral; crop","rural; finance; insurance; commodity; transactions"
"solubio","Solubio Tecnologias Agricolas","ag biologicals and crop resilience","k12_cluster_3","35.5","25.4","high","no","","https://www.solubio.agr.br/","reviewed","biofactories; farm; bioinput; microbial; inputs; quality","crop; protection; biological; inputs"
"soygreen","SoyGREEN","ag biologicals and crop resilience","k12_cluster_3","17.4","3.3","curated","yes","Source-backed profile is agricultural microbiology bioinputs for fertilizer substitution and climate mitigation.","https://soygreen.bio/","reviewed","biological; inputs",""
"speclab","SpecLab","ag biologicals and crop resilience","k12_cluster_3","17.9","7.3","medium","no","","https://www.speclab.com.br/english.html","reviewed","spectral; fingerprinting; machine; learning; chemometrics; raman","laboratory; analytics; quality; control"
"sylvarum","Sylvarum","ag biologicals and crop resilience","k12_cluster_3","45.7","26.9","high","no","","https://www.sylvarum.co/","reviewed","thermal; plasma; seed; treatment; plant; electro","seeds; crop; biologicals"
"symbiomics","Symbiomics","ag biologicals and crop resilience","k12_cluster_3","35","18.1","high","no","","https://www.symbiomics.com.br/pt/tecnologia/","reviewed","sequencing; machine; learning; genome; editing; microbial","crop"
"syocin-biotech","Syocin Biotech","ag biologicals and crop resilience","k12_cluster_3","36","7.8","curated","yes","Source-backed profile is precision protein biobactericides for crop protection and agricultural resilience.","https://syocin.com/","reviewed","synthetic; proteins; engineering; microbial","crop; protection"
"voa","Voa","ag biologicals and crop resilience","k12_cluster_3","31.2","15.3","high","no","","https://theyieldlablatam.com/companies/voa/","reviewed","drone; fleet; analytics; biological; agent; application","crop; protection; input; application"
"tech","@Tech","agri intelligence and traceable markets","k12_cluster_2","52.2","42.9","high","no","","https://theyieldlablatam.com/companies/atech/","reviewed","data; science; smart; tags","animal; proteins; supply; chains"
"agrosmart","Agrosmart","agri intelligence and traceable markets","k12_cluster_2","20.6","2.3","curated","yes","Source-backed profile is climate-smart agronomic, irrigation and ESG intelligence for producers.","https://agrosmart.com.br/about/","reviewed","climate; data; agronomic; intelligence; irrigation; monitoring","crop; irrigation; agrifood; sustainability"
"agrotools","AGROTOOLS","agri intelligence and traceable markets","k12_cluster_2","31.7","7.1","medium","no","","https://agrotools.com.br/en/","reviewed","data; geospatial; intelligence; land; monitoring; compliance","banking; insurance; commodity; chains"
"auravant","Auravant","agri intelligence and traceable markets","k12_cluster_2","26.2","6.4","medium","no","","https://www.auravant.com/en/about-us/","reviewed","agronomic; models; satellite; imagery; georeferenced; layers","agribusiness"
"beeflow","Beeflow","agri intelligence and traceable markets","k12_cluster_2","31","9.7","medium","no","","https://www.beeflow.com/about-us","reviewed","plant; science; data; analytics","fruit; specialty; crop"
"bemagro","BemAgro","agri intelligence and traceable markets","k12_cluster_2","22.1","9.2","curated","yes","Source-backed profile is drone imagery and farm intelligence, not direct biological crop input.","https://www.bemagro.cloud/en/index.html","reviewed","cloud; saas; drone; imagery; machinery; vectors","crop; farm; operations"
"bioseek","Bioseek","agri intelligence and traceable markets","k12_cluster_2","19.7","15.9","high","no","","https://www.f6s.com/company/bioseek","reviewed","semantic; search; graph; database; science; analytics","pharma; labs"
"bitgenia","Bitgenia","agri intelligence and traceable markets","k12_cluster_2","26.2","16.3","high","no","","https://www.bitgenia.com/nosotros/","reviewed","genomics; sequencing; workflows; bioinformatics; interpretation","healthcare; hospitals; clinics; pharma; labs"
"blooms","Blooms","agri intelligence and traceable markets","k12_cluster_2","26.3","18.7","high","no","","https://www.bloomscapital.com/english","reviewed","export; finance; cross; border; factoring; global","export; supply; chains"
"brain_ag","Brain.ag","agri intelligence and traceable markets","k12_cluster_2","32.4","3.2","curated","yes","Source-backed profile is agribusiness credit, ESG and socioenvironmental risk analytics.","https://www.serasaexperian.com.br/sala-de-imprensa/agronegocios/serasa-experian-adquire-parte-da-brain-ag-e-fortalece-analise-de-credito-para-o-agronegocio/","reviewed","data; analytics; geoprocessing; remote; sensing; rural","finance; socioenvironmental; risk"
"calice","Calice","agri intelligence and traceable markets","k12_cluster_2","23.4","0.7","curated","yes","Source-backed profile is AI genotype-environment decisioning for agriculture; keep separate from crop biological products.","https://calice.ai/eng/","reviewed","environmental; modeling; agronomic; simulations; genotype; environment","seed; biological; input; fertilizer; agrifood"
"cellco","CellCo","agri intelligence and traceable markets","k12_cluster_2","29.7","10.6","medium","no","","https://www.linkedin.com/company/the-cellco","reviewed","synthetic; molecular; simulation; data","complex; disease; therapeutics"
"deepagro","DeepAgro","agri intelligence and traceable markets","k12_cluster_2","41.6","15.6","high","no","","https://www.deepagro.com/","reviewed","data; agronomic; intelligence; computer; vision",""
"dymaxion_labs","Dymaxion Labs","agri intelligence and traceable markets","k12_cluster_2","52.6","43.4","high","no","","https://dymaxionlabs.com/","reviewed","data; science; computer; vision; agronomic; analytics","agribusiness"
"eiru","Eirú","agri intelligence and traceable markets","k12_cluster_2","45.1","30.9","high","no","","https://sf500.com.ar/","reviewed","simulated; dynamics; pollination; optimization",""
"eiwa","Eiwa","agri intelligence and traceable markets","k12_cluster_2","62.1","53.3","high","no","","https://eiwa.ag/en/about-us/","reviewed","geospatial; analytics; agronomic; data; experimentation; workflows",""
"frizata","Frizata","agri intelligence and traceable markets","k12_cluster_2","17.9","7.8","medium","no","","https://latamlist.com/frizata-raises-4-65m-funding-round-for-flexitarian-frozen-meals/","reviewed","formulation; frozen; manufacturing; meatless; logistics","consumer; alternative; proteins"
"future_cow","Future Cow","agri intelligence and traceable markets","k12_cluster_2","26.1","5.8","medium","no","","https://www.futurecow.com.br/","reviewed","precisionfermentation; microbial; hosts; milk; proteins; coding","ingredients; dairy; alternatives; alternative; proteins"
"geoprot","Geoprot","agri intelligence and traceable markets","k12_cluster_2","17.8","8","medium","no","","https://www.gridexponential.com/portfolio","reviewed","proteins; function; analysis; prediction; biological; deep",""
"horus_aeronaves","Horus Aeronaves","agri intelligence and traceable markets","k12_cluster_2","21.1","9.3","curated","yes","Source-backed profile is UAV/aerial crop intelligence for agriculture.","https://www.lavca.org/sp-ventures-invests-r3m-in-horus-aeronaves-em-portugues/","reviewed","uavs; aerial; imaging; embedded; sensors; image","crop; monitoring; precision"
"jetbov","JetBov","agri intelligence and traceable markets","k12_cluster_2","49.5","32.8","high","no","","https://spventures.com.br/portfolio/jetbov/","reviewed","livestock; herd; traceability","beef; cattle"
"leaf","Leaf","agri intelligence and traceable markets","k12_cluster_2","40.9","25.1","high","no","","https://withleaf.io/","reviewed","farm; data; machine; translation; boundaries; crop",""
"omica","Omica","agri intelligence and traceable markets","k12_cluster_2","45.8","24.3","high","no","","https://www.omica.bio/","reviewed","digital; biobank; multiomics; data; biospecimens; imaging","precision; medicine; diagnostics; pharma; biomarker; discovery"
"onco_precision","Onco Precision","agri intelligence and traceable markets","k12_cluster_2","29","22.5","high","no","","https://www.oncoprecision.bio/","reviewed","patient; derived; models","oncology; therapeutics"
"rumina","Rumina","agri intelligence and traceable markets","k12_cluster_2","27.7","12.9","high","no","","https://rumina.com.br/","reviewed","farm; dairy; intelligence; livestock; data; sustainability","dairy; farming; livestock"
"sensix","Sensix","agri intelligence and traceable markets","k12_cluster_2","27","3.2","curated","yes","Source-backed profile describes remote sensing, soil and field analytics; algorithm overweights crop/biological tokens.","https://sensix.ag/","reviewed","remote; sensing; soil; data; yield; maps","crop; farm"
"silohub","Silohub","agri intelligence and traceable markets","k12_cluster_2","32.3","15.2","high","no","","https://www.descubre.vc/silohub","reviewed","agribusiness; integration; payments","grain; retailers; growers"
"sima","Sima","agri intelligence and traceable markets","k12_cluster_2","39.9","10.9","medium","no","","https://sima.ag/","reviewed","monitoring; agronomic; intelligence; geolocated; crop; data",""
"sioma","Sioma","agri intelligence and traceable markets","k12_cluster_2","41.4","16.3","high","no","","https://theyieldlablatam.com/companies/eiwa-2/","reviewed","adapted; hardware; time; traceability; plant; analytics","tropical; crop"
"smartbreeder","SmartBreeder","agri intelligence and traceable markets","k12_cluster_2","45.9","25.6","high","no","","https://www.kptl.com.br/portfolio/smartbreeder/","reviewed","predictive; agronomy; crop; analytics","crop"
"solinftec","Solinftec","agri intelligence and traceable markets","k12_cluster_2","30.7","18.6","high","no","","https://www.solinftec.com/en-us/about/","reviewed","saas; time; agronomic; data; autonomous; robots","crop; operations"
"spaceag","SpaceAG","agri intelligence and traceable markets","k12_cluster_2","42.6","21.1","high","no","","https://theyieldlablatam.com/companies/spaceag/","reviewed","satellite; imagery; drone; analytics; mobile; workflows","value; crop"
"tbit","TBIT","agri intelligence and traceable markets","k12_cluster_2","26.6","13.5","high","no","","https://www.kptl.com.br/portfolio/tbit/","reviewed","computer; vision; image; processing; quality; analysis","seeds; grains; supply; chains"
"the-earth-says","The Earth Says","agri intelligence and traceable markets","k12_cluster_2","33.9","15.5","high","no","","https://www.f6s.com/company/theearthsays","reviewed","pollination; monitoring; hive; sensors; analytics","crop; pollination"
"updairy","Updairy","agri intelligence and traceable markets","k12_cluster_2","22.8","7.5","medium","no","","https://updairy.co/","reviewed","precisionfermentation; engineered; fungi; bioreactors; dairy; proteins","dairy; bakery; confectionery; beverages; supplements"
"wiagro","Wiagro","agri intelligence and traceable markets","k12_cluster_2","26.1","5.4","medium","no","","https://www.wiagro.com/","reviewed","sensors; satellite; connectivity; predictive; models; traceability","grain; supply; chains"
"zoomagri","ZoomAgri","agri intelligence and traceable markets","k12_cluster_2","30.6","24.6","high","no","","https://zoomagri.com/en/home/","reviewed","computer; vision; machine; learning; digital; inspection","agri; commodities; supply; chains"
"alkemio","Alkemio","bioactive products and regenerative edge cases","k12_cluster_6","55.8","51.8","high","no","","https://alkemio.tech/","reviewed","purity; separation; refining; advanced; chemistry","rare; earths; critical"
"bioeutectics","Bioeutectics","bioactive products and regenerative edge cases","k12_cluster_6","51.9","37.1","high","no","","https://www.bioeutectics.com/","reviewed","biobased; solvents; science; formulation","chemicals; cosmetics"
"biometallum","BioMetallum","bioactive products and regenerative edge cases","k12_cluster_6","30.2","5.7","medium","no","","https://bio-metallum.com/","reviewed","biomining; engineered; microorganisms; synthetic; exploration","lithium; mining; critical"
"eywa_biotech","Eywa Biotech","bioactive products and regenerative edge cases","k12_cluster_6","64.3","50.6","high","no","","https://www.eywa.bio/","reviewed","biosynthesis; green; chemistry; molecule; manufacturing; psychedelic","mental"
"migma","MIGMA","bioactive products and regenerative edge cases","k12_cluster_6","42.2","26.2","high","no","","https://ar.linkedin.com/company/migma-co","reviewed","chemistry; antioxidant; formulations; laboratory; validation","animal; nutrition; cosmetics"
"monte-caldera-technology","Monte Caldera Technology","bioactive products and regenerative edge cases","k12_cluster_6","54","45.1","high","no","","https://montecaldera.com/","reviewed","advanced; physics; molecular; modeling; simulation","energy; chemicals; semiconductors"
"nanogrow_biotech","Nanogrow Biotech","bioactive products and regenerative edge cases","k12_cluster_6","33.6","12.1","high","no","","https://www.nanogrowbiotech.com/","reviewed","single; domain; antibodies; targeted; biologics; advanced","pharmaceutical; therapeutics"
"agrourbana","Agrourbana","biobased chemistry and circular materials","k12_cluster_9","31","14.9","high","no","","https://www.agrourbana.ag/alta-agricultura","reviewed","vertical; farming; controlled; environment; hydroponics; traceability","fresh; retail"
"bioblends","BioBlends","biobased chemistry and circular materials","k12_cluster_9","78.5","74.5","high","no","","https://cancilleria.gob.ar/en/new-technologies/next-form-argentine/bioblends","reviewed","preservatives; microbiology; preservation","fresh"
"calfix","Calfix","biobased chemistry and circular materials","k12_cluster_9","29.9","8.8","medium","no","","https://www.linkedin.com/company/calfix-bio","reviewed","microbiology; chemistry; biomineralization; construction","construction; maintenance"
"cryosmetics","Cryosmetics","biobased chemistry and circular materials","k12_cluster_9","36.8","27.4","high","no","","https://www.cryosmetics.com/piel-microbioma/","reviewed","skincare; skin; microbiome; formulations","personal"
"laurus_ag_tech","Laurus AG Tech","biobased chemistry and circular materials","k12_cluster_9","32.8","16.9","high","no","","https://www.f6s.com/company/laurusagtech","reviewed","distributed; autonomous; farming","fresh; vegetables; urban; supply"
"pink-farms","Pink Farms","biobased chemistry and circular materials","k12_cluster_9","44.3","36.5","high","no","","https://spventures.com.br/portfolio/brain-ag-3/","reviewed","vertical; farming; controlled; environment; hydroponics","fresh; retail"
"tintte","Tintte","biobased chemistry and circular materials","k12_cluster_9","44.9","13.6","high","no","","https://cancilleria.gob.ar/en/new-technologies/next-form-argentine/tintte","reviewed","precisionfermentation; synthetic; microorganisms; bioprocesses; textile; chemistry","textile; manufacturing; fashion"
"unibaio","Unibaio","biobased chemistry and circular materials","k12_cluster_9","63.7","34.7","high","no","","https://sosv.com/company/unibaio/","reviewed","polymers; microparticles; crop; input",""
"arqlite","Arqlite","biobased materials and waste valorization","k12_cluster_11","22.3","6.6","medium","no","","https://curbwaste.com/company-profiles-network/arqlite","reviewed","plastic; waste; recycled; aggregates; circular; carbon","construction; manufacturing; circular"
"bioplaster_research","BioPlaster Research","biobased materials and waste valorization","k12_cluster_11","59.8","50.4","high","no","","https://www.bioplaster-research.com/","reviewed","sargassum; biomass; alginates; cellulose; compostable; films","retail; packaging"
"bioplaster_research_inc","BioPlaster Research Inc","biobased materials and waste valorization","k12_cluster_11","62.8","51.2","high","no","","https://www.bioplaster-research.com/english/about-us","reviewed","biorefinery; biomaterials; engineering; compostable; packaging","packaging; retail; protective"
"circclo","CIRCCLO","biobased materials and waste valorization","k12_cluster_11","26.9","18.2","high","no","","https://circclo.lacompaniadigital.com/","reviewed","waste; recycling; workflows","circular; economy; waste"
"hybridon","Hybridon","biobased materials and waste valorization","k12_cluster_11","18.1","9.6","curated","yes","Source-backed profile is antimicrobial nanotechnology and bioactive materials/surfaces.","https://hybridon.com.ar/","reviewed","nanotechnology; antimicrobial; bioactive; coatings; science","textiles; surface"
"inmet","INMET","biobased materials and waste valorization","k12_cluster_11","40.1","28.5","high","no","","https://inmet.com.ar/en/biomateriales/","reviewed","biopolymer; synthetic; agro; waste; solvent; process","packaging; plastics; biomaterials; circular"
"inner_cosmos","Inner Cosmos","biobased materials and waste valorization","k12_cluster_11","17.9","9.6","medium","no","","https://innercosmos.ai/","reviewed","brain; computer; interface; neurostimulation; embedded; device","mental; neurology; neurotechnology"
"kigui","Kigüi","biobased materials and waste valorization","k12_cluster_11","30.3","25.4","high","no","","https://kigui.io/en/","reviewed","task; prioritization; expiry; tracking; shelf; validation","retail; operations"
"mycorium_biotech","Mycorium Biotech","biobased materials and waste valorization","k12_cluster_11","68.6","60.8","high","no","","https://sf500.com.ar/","reviewed","mycelium; waste; upcycling; biomaterials","fashion"
"nairotech","Nairotech","biobased materials and waste valorization","k12_cluster_11","21.3","10.7","medium","no","","https://www.argentina.gob.ar/noticias/disenan-plasticos-con-propiedades-antimicrobianas","reviewed","special; polymers; composites; nanotechnology; antimicrobial; polyolefins","packaging; surfaces; public"
"patagon-fiber","Patagon Fiber","biobased materials and waste valorization","k12_cluster_11","70.6","43.6","high","no","","https://theganeshalab.com/startup/patagon-fiber/","reviewed","bacterial; pigments; biomaterials; textile; chemistry; circular","textiles; inks"
"polymera","POLYMERA","biobased materials and waste valorization","k12_cluster_11","52.1","37.5","high","no","","https://www.linkedin.com/company/polymera","reviewed","microbial; fermentation; biopolymers; extremophile; biotechnology; green","hygiene; advanced"
"protiva","Protiva","biobased materials and waste valorization","k12_cluster_11","50.5","26.3","high","no","","https://www.protiva.bio/","reviewed","pigments; textile; validation; traceability","textiles; color; chemistry"
"radial","Radial","biobased materials and waste valorization","k12_cluster_11","43","35.2","high","no","","https://www.gridexponential.com/portfolio","reviewed","fungal; mycelium; residue; valorization; biomaterials","biomaterials; packaging; design; impact"
"apexzymes","APEXzymes","biomanufacturing and molecular platforms","k12_cluster_7","59.3","49.5","high","no","","https://apexzymes.com/","reviewed","fungal; engineering; enzymes; bioprocessing; circular; feedstocks","paper; biorefinery; biofuels"
"bioplastix","Bioplastix","biomanufacturing and molecular platforms","k12_cluster_7","51.8","41.6","high","no","","https://bio-plastix.com/","reviewed","synthetic; precisionfermentation; strain; engineering","petrochemicals; agribusiness; consumer; goods"
"break_pet","BreakPET","biomanufacturing and molecular platforms","k12_cluster_7","47.5","41.7","high","no","","https://www.gridexponential.com/portfolio","reviewed","engineered; enzymes; recycling","circular; packaging"
"bybug","ByBug","biomanufacturing and molecular platforms","k12_cluster_7","27.3","11.7","high","no","","https://www.bybug.io/tecnologia/","reviewed","engineered; insects; black; soldier; larvae; recombinant","pharmaceuticals; veterinary; enzymes; bioinputs"
"cellargen_biotech","Cellargen Biotech","biomanufacturing and molecular platforms","k12_cluster_7","29.2","11.9","high","no","","https://www.unl.edu.ar/noticias/news/view/la_fbcb_y_cellargen_biotech_s_r_l_producir%C3%A1n_insumos_biotecnol%C3%B3gicos","reviewed","recombinant; proteins; genetic; engineering; cells; culture","animal; human"
"done_properly","Done Properly","biomanufacturing and molecular platforms","k12_cluster_7","39.4","23.2","high","no","","https://www.doneproperly.co/en/home-en/","reviewed","fermentation; mycoprotein; mycelium; flavor; modulation; umami","ingredients; alternative; proteins; development"
"enzyva","Enzyva","biomanufacturing and molecular platforms","k12_cluster_7","53.4","35.1","high","no","","https://www.enzyvo.com/about","reviewed","enzymes; design; precision; biosensors; programmable","manufacturing; diagnostics; biosensing"
"fungi_life","Fungi Life","biomanufacturing and molecular platforms","k12_cluster_7","45.5","39.3","high","no","","https://www.fungilife.net/","reviewed","fungal; biotechnology; sophorolipids; fermentation; circular; biosurfactants","cleaning; cosmetics; bioremediation"
"ideelab","IdeeLab","biomanufacturing and molecular platforms","k12_cluster_7","37.7","17.8","high","no","","https://ideelab.com.br/","reviewed","microbial; prospecting; bioinput; fermentation; bioreactors; recombinant","biologicals; bioinputs"
"imeve","Imeve","biomanufacturing and molecular platforms","k12_cluster_7","33.1","19.9","high","no","","https://imeve.com.br/en/about-us","reviewed","animal; nutrition; probiotics; veterinary; pharmaceutical; fermentation","animal; livestock; aquaculture"
"keclon","Keclon","biomanufacturing and molecular platforms","k12_cluster_7","46.7","39.9","high","no","","https://keclon.com/","reviewed","precisionfermentation; microorganisms; enzymes; development","feed; biofuels; beauty"
"mavios","Mavios","biomanufacturing and molecular platforms","k12_cluster_7","47.2","38.5","high","no","","https://mavios.ai/","reviewed","digitaltwin; silico; simulation; bioprocess; modeling","precisionfermentation; bioindustrial"
"neocell","Neocell","biomanufacturing and molecular platforms","k12_cluster_7","26.4","10.4","medium","no","","https://neocellbiotech.com/","reviewed","cells; line; development; process; optimization; formulation","biopharma; biologics; manufacturing"
"alytix","Alytix","clinical diagnostics and medical devices","k12_cluster_12","29.4","12.8","high","no","","https://alytixbiotech.com/","reviewed","bacteriophage; discovery; metagenomic; diagnostics; phage; cocktail","animal; human"
"aplife_biotech","Aplife Biotech","clinical diagnostics and medical devices","k12_cluster_12","31.1","14.9","high","no","","https://www.aplifebiotech.com/about","reviewed","bioprinting; assay; miniaturization; combinatorial; library; synthesis","pharma; diagnostics; science"
"arcomed","Arcomed","clinical diagnostics and medical devices","k12_cluster_12","40.7","27.3","high","no","","https://www.arcomed.com/","reviewed","infusion; pumps; digital; integration; hospital; safety","hospitals; critical"
"avatar_medtech","AVaTAR MedTech","clinical diagnostics and medical devices","k12_cluster_12","32.9","22.3","high","no","","https://www.avatarmedtech.co/","reviewed","cardiovascular; medtech; surgical; instruments; autologous; tissue","cardiovascular; surgery; structural; heart; disease"
"biomakers","Biomakers","clinical diagnostics and medical devices","k12_cluster_12","39.1","17.7","high","no","","https://zentynel.com/en/portfolio/","reviewed","genomics; testing; personalized; medicine; companion; diagnostics","precision; medicine; complex; drug; access"
"biotalife","Biotalife","clinical diagnostics and medical devices","k12_cluster_12","26.1","17.4","high","no","","https://www.biotalife.com/","reviewed","human; microbiome; medicaldevices; vaginal; microbiota; women","women; gynecology; microbiome"
"bleps_vision","Bleps Vision","clinical diagnostics and medical devices","k12_cluster_12","69.3","66.9","high","no","","https://blepsvision.com/en/","reviewed","portable; corneal; topography; diagnostics; hardware","optometry"
"caspr_biotech","Caspr Biotech","clinical diagnostics and medical devices","k12_cluster_12","46.7","31.7","high","no","","https://sosv.com/company/caspr-biotech/","reviewed","crispr; diagnostics; molecular; rapid; testing","infectious; disease; molecular; diagnostics"
"chemtest","Chemtest","clinical diagnostics and medical devices","k12_cluster_12","43.2","32.9","high","no","","https://www.chemtest.net/","reviewed","diagnostics; kits; infectious; disease; testing; laboratory","healthcare; labs"
"embryoxite","Embryoxite","clinical diagnostics and medical devices","k12_cluster_12","66.4","63.4","high","no","","https://www.gridexponential.com/portfolio","reviewed","invasive; embryo; diagnostics; reproductive; medtech","fertility; medicine"
"enteria","Enteria","clinical diagnostics and medical devices","k12_cluster_12","32.2","22.6","high","no","","https://www.gridexponential.com/portfolio","reviewed","microbiome; diagnostics; testing","healthcare; diagnostics"
"epiliquid","Epiliquid","clinical diagnostics and medical devices","k12_cluster_12","38.1","24.6","high","no","","https://ar.linkedin.com/company/epiliquid","reviewed","liquid; biopsy; blood; biomarkers; molecular; diagnostics","oncology; diagnostics; screening; laboratories"
"fecundis","Fecundis","clinical diagnostics and medical devices","k12_cluster_12","24.4","15.5","high","no","","https://www.fecundis.com/","reviewed","reproductive; molecular; sperm; enhancement","fertility; clinics; reproductive; medicine"
"gameet","Gameet","clinical diagnostics and medical devices","k12_cluster_12","26.6","19.4","high","no","","https://www.gameet.life/","reviewed","printing; microdevices; reproductive; embryology; assisted; reproduction","fertility; clinics; assisted; reproduction; laboratories"
"genotyping","Genotyping","clinical diagnostics and medical devices","k12_cluster_12","37.8","28.7","high","no","","https://genotyping.com.br/testes-geneticos-estao-mais-acessiveis-no-brasil/","reviewed","next; generation; sequencing; genetic; testing; molecular","genetic; diagnostics; molecular; analysis"
"gisens_biotech","Gisens Biotech","clinical diagnostics and medical devices","k12_cluster_12","61.4","56.8","high","no","","https://www.gridexponential.com/portfolio","reviewed","nanotechnology; diagnostics; portable; sensors","healthcare; diagnostics"
"imvalv","Imvalv","clinical diagnostics and medical devices","k12_cluster_12","28","16.5","high","no","","https://home.imvalv.com/","reviewed","medicaldevices; glaucoma; treatment","healthcare"
"limay_biosciences","Limay Biosciences","clinical diagnostics and medical devices","k12_cluster_12","53.6","44.1","high","no","","https://cancilleria.gob.ar/en/new-technologies/next-from-argentina-en/limay-biosciences","reviewed","portable; molecular; diagnostics; point; devices","healthcare; veterinary; medicine; testing"
"magnamed","Magnamed","clinical diagnostics and medical devices","k12_cluster_12","26.3","9.4","medium","no","","https://www.inovacoesmagnamed.com.br/company","reviewed","mechanical; ventilation; respiratory; devices; emergency; hardware","hospitals; emergency; transport"
"microgenesis","Microgenesis","clinical diagnostics and medical devices","k12_cluster_12","37.6","34","high","no","","https://www.microgenesis.net/","reviewed","inflammatory; profiling; reproductive; scoring; personalized; interpretation","fertility; reproductive"
"microscopia","microscopIA","clinical diagnostics and medical devices","k12_cluster_12","48.2","43.2","high","no","","https://www.f6s.com/company/microscopia","reviewed","automated; microscopy; machine; learning; diagnostics; robotic","public; veterinary; medicine; agribusiness; diagnostics"
"multiplai_health","MultiplAI Health","clinical diagnostics and medical devices","k12_cluster_12","14","2.2","curated","yes","Source-backed profile is RNA sequencing and AI screening for cardiovascular and complex disease risk.","https://www.multiplaihealth.com/","reviewed","sequencing; transcriptomics; machine; learning; blood; screening","preventive; medicine; cardiovascular; screening; precision; diagnostics"
"mzp","MZP","clinical diagnostics and medical devices","k12_cluster_12","57.4","45.2","high","no","","https://www.f6s.com/company/mzp","reviewed","point; coagulation; analysis; viscoelastic; diagnostics","critical; surgery; transfusion; medicine"
"nanojump_bio","Nano Jump Bio","clinical diagnostics and medical devices","k12_cluster_12","26.2","21.6","high","no","","https://es.gridexponential.com/project-tag/tools","reviewed","sample; preparation; molecular; portable; extraction","diagnostics; molecular; testing"
"oncoliq","Oncoliq","clinical diagnostics and medical devices","k12_cluster_12","46.2","35.7","high","no","","https://sf500.com.ar/","reviewed","invasive; detection; oncology; diagnostics","healthcare; diagnostics"
"phagelab","PhageLab","clinical diagnostics and medical devices","k12_cluster_12","24.7","12.5","high","no","","https://phage-lab.com/","reviewed","bacteriophages; pathogen; diagnostics; phage; repositories; livestock","poultry; livestock; animal"
"pregen","PreGen","clinical diagnostics and medical devices","k12_cluster_12","25.9","12.8","high","no","","https://www.linkedin.com/posts/grid-exponential_gridx-activity-7381742354665381888-Gp0R","reviewed","diagnostics; genomics","precision; oncology; molecular; diagnostics"
"samay","Samay","clinical diagnostics and medical devices","k12_cluster_12","74.2","62.6","high","no","","https://zentynel.com/en/portfolio/","reviewed","respiratory; diagnostics; disease","respiratory; disease; diagnosis"
"tell","Tell","clinical diagnostics and medical devices","k12_cluster_12","62.3","54.5","high","no","","https://theganeshalab.com/startup/tell/","reviewed","speech; analytics; neurocognitive; assessment; digital; biomarkers","neurodegenerative; disease; detection"
"tensor-care","Tensor Care","clinical diagnostics and medical devices","k12_cluster_12","48","39.6","high","no","","https://www.tensor.care/","reviewed","diagnostics; imaging; musculoskeletal; analytics","musculoskeletal; diagnostics"
"ubique_bio","Ubique Bio","clinical diagnostics and medical devices","k12_cluster_12","44.6","34.4","high","no","","https://www.gridexponential.com/portfolio","reviewed","synthetic; peptides; diagnostics","healthcare; diagnostics"
"viewmind","ViewMind","clinical diagnostics and medical devices","k12_cluster_12","25.3","14.6","high","no","","https://www.viewmind.com/about/","reviewed","tracking; ocular; digital; phenotyping; statistical; brain","brain; neurology; pharma; studies"
"zev_biotech","ZEV Biotech","clinical diagnostics and medical devices","k12_cluster_12","58.7","48.1","high","no","","https://www.gridexponential.com/portfolio","reviewed","molecular; diagnostics; deployable","healthcare; labs"
"antarka","Antarka","drug discovery and disease therapeutics","k12_cluster_8","45.5","19.8","high","no","","https://www.antarka.bio/our-science","reviewed","extremophile; enzymes; repair; biomanufacturing; cosmetic; actives","skin; cosmetics; personal"
"argentag","ArgenTAG","drug discovery and disease therapeutics","k12_cluster_8","54.8","50.7","high","no","","https://www.argentag.com/single-cell-solutions","reviewed","single; cells; genomics; long; read; sequencing","biopharma; biomedical; science; labs"
"autem-medical","Autem Medical","drug discovery and disease therapeutics","k12_cluster_8","37","19.6","high","no","","https://www.autemtherapeutics.com/","reviewed","electromagnetic; frequency; therapy; oncology; treatment; amplitude","cancer; treatment"
"ayuvant","Ayuvant","drug discovery and disease therapeutics","k12_cluster_8","61.3","56.7","high","no","","https://www.ayuvant.com/","reviewed","nanoparticles; immunotherapy; therapeutics","healthcare"
"biocle","BioCl","drug discovery and disease therapeutics","k12_cluster_8","27.3","21.7","high","no","","https://www.gridexponential.com/portfolio","reviewed","bacterial; vesicles; microbiome; therapeutics","digestive; therapeutics"
"biolinker","Biolinker Synthetic Biology","drug discovery and disease therapeutics","k12_cluster_8","33","20.7","high","no","","https://biolinker.tech/","reviewed","cells; proteins; synthesis; recombinant; synthetic; kits","biotechnology; proteins"
"cellrep","CellRep","drug discovery and disease therapeutics","k12_cluster_8","46.7","16.5","high","no","","https://cellrep.bio/about-us/","reviewed","drug; discovery; cells; reprogramming; molecules","cells; therapy; oncology; longevity"
"circa_therapeutics","Circa Therapeutics","drug discovery and disease therapeutics","k12_cluster_8","54.9","31.6","high","no","","https://circatherapeutics.com/","reviewed","molecule; degraders; ligase; binders; medicinal; chemistry","oncology; rare; diseases"
"delee","Delee","drug discovery and disease therapeutics","k12_cluster_8","47.9","22.6","high","no","","https://www.delee.co/","reviewed","liquid; biopsy; circulating; tumor; cells; automated","oncology; diagnostics; precision; medicine"
"dogma_biotech","Dogma Biotech","drug discovery and disease therapeutics","k12_cluster_8","31.6","8.8","medium","no","","https://www.gridexponential.com/portfolio","reviewed","discovered; sugars; therapeutics; optimization; glycobiology","therapeutics"
"dprotein","DProtein","drug discovery and disease therapeutics","k12_cluster_8","44.4","27.9","high","no","","https://www.f6s.com/company/dprotein","reviewed","computational; cells; engineering; precisionfermentation","beverage"
"ergo_foods","Ergo Foods","drug discovery and disease therapeutics","k12_cluster_8","49.7","19.4","high","no","","https://www.ergobiotech.com/","reviewed","plant; cells; biotechnology; recombinant; proteins; engineering","personal"
"exomas","Exomas","drug discovery and disease therapeutics","k12_cluster_8","53.6","29.3","high","no","","https://www.exomas.co/","reviewed","neural; stem; cells; derived; exosomes; regenerative","healthcare"
"galtec","Galtec Life","drug discovery and disease therapeutics","k12_cluster_8","25.3","5.5","medium","no","","https://galtec.ar/en/home/","reviewed","galectin; immunotherapy; oncology; autoimmune; disease; inflammatory","oncology; autoimmune; inflammatory; disease; therapeutics"
"hexembio","HeXemBio","drug discovery and disease therapeutics","k12_cluster_8","45.8","32.5","high","no","","https://hexemb.io/news/introducing-hexembio-a-new-approach-to-blood-stem-cell-rejuvenation","reviewed","cells; therapy; regenerative; medicine; hematopoietic; stem","transplant; medicine; aging; longevity"
"laurus","Laurus","drug discovery and disease therapeutics","k12_cluster_8","38.4","24.9","high","no","","https://laurus.bio/about-us/","reviewed","precisionfermentation; recombinant; animal; proteins; manufacturing","biopharma; nutrition; personal"
"libera","Libera","drug discovery and disease therapeutics","k12_cluster_8","40.2","8.7","medium","no","","https://sf500.com.ar/","reviewed","extracellular; vesicles; inflammatory; disease; therapeutics","therapeutics"
"mesenchyal_t","Mesenchyal-T","drug discovery and disease therapeutics","k12_cluster_8","46.1","32.2","high","no","","https://mesenchyalt.com.ar/","reviewed","mesenchymal; stem; cells; hyaluronic; acid; vivo","advanced; therapy; regenerative; medicine"
"omics","OMICS","drug discovery and disease therapeutics","k12_cluster_8","56.6","33.1","high","no","","https://kptl.com.br/portfolio/omics/?lang=en","reviewed","cells; therapy; stem; veterinary","veterinary; therapeutics"
"spherebio","SphereBio","drug discovery and disease therapeutics","k12_cluster_8","45.7","27.7","high","no","","https://www.spherebio.co/","reviewed","nanotechnology; synthetic; bioinformatics","cancer; autoimmune; disease"
"stamm","Stämm","drug discovery and disease therapeutics","k12_cluster_8","44.5","34.7","high","no","","https://www.stamm.bio/","reviewed","continuous; bioprocessing; bioengineering","biologics; cells; therapies"
"xeptiva","Xeptiva","drug discovery and disease therapeutics","k12_cluster_8","35.7","17.6","high","no","","https://zentynel.com/en/portfolio/","reviewed","immunotherapy; therapeutics; vaccines","veterinary; therapeutics"
"ages","AGES","food ingredients and biofactories","k12_cluster_5","32.5","21.8","high","no","","https://www.kptl.com.br/portfolio/ages/","reviewed","bioactive; compounds; biodiversity; sourcing; healthspan; ingredients","beauty; longevity"
"algaebio","algaebio+","food ingredients and biofactories","k12_cluster_5","41.9","33.4","high","no","","https://algaebioplus.com/","reviewed","microalgae; cultivation; photobioreactors; functional; ingredients; processing","aquaculture; nutraceuticals; functional; cosmetics"
"algalife","Algalife","food ingredients and biofactories","k12_cluster_5","16.3","11.1","high","no","","https://www.gridexponential.com/portfolio","reviewed","microalgae; cultivation; bioprocess; optimization; productive; process","bioindustry; microalgae"
"aquit","Aquit","food ingredients and biofactories","k12_cluster_5","32.8","22.9","high","no","","https://www.f6s.com/company/aquit","reviewed","proteomics; fish; immune; proteins; aquaculture; bioinformatics","aquaculture; animal; nutrition"
"botanical-solutions","Botanical Solutions","food ingredients and biofactories","k12_cluster_5","35.3","12.5","high","no","","https://www.linkedin.com/company/botanical-solution","reviewed","plant; tissue; culture; botanical; extracts; crop","ingredients"
"cellva","Cellva","food ingredients and biofactories","k12_cluster_5","60.6","52.9","high","no","","https://cellva.com/","reviewed","microencapsulation; ingredients; stabilization; bioactive; protection; algae","beverage"
"ergo_bioscience","Ergo Bioscience","food ingredients and biofactories","k12_cluster_5","46.9","6.2","curated","yes","Source-backed profile is plant-cell biotechnology for sustainable ingredients across food, health and beauty.","https://www.ergobiotech.com/who-we-are","reviewed","plant; cells; culture; line; development; ingredients","beauty"
"feedvax","Feedvax","food ingredients and biofactories","k12_cluster_5","30.7","20.2","high","no","","https://www.feedvax.com/","reviewed","oral; vaccines; fish; animal; biotechnology","aquaculture"
"food4you","Food4You","food ingredients and biofactories","k12_cluster_5","36.6","25.7","high","no","","https://www.gridexponential.com/portfolio","reviewed","beneficial; bacteria; formulation","plant"
"future_biome","Future Biome","food ingredients and biofactories","k12_cluster_5","26.7","15.8","high","no","","https://www.gridexponential.com/portfolio","reviewed","fungi; microbiome; optimization; precision; prebiotics; functional","wellness"
"glycox","GlycoX","food ingredients and biofactories","k12_cluster_5","54.9","24","high","no","","https://www.glycox.bio/","reviewed","plant; derived; ingredients; development; metabolic; formulation","nutrition; metabolic"
"harmony-biosciences","HARMONY","food ingredients and biofactories","k12_cluster_5","21.8","9.6","medium","no","","https://web.brinc.io/finding-harmony-in-infant-formula-innovation/","reviewed","bioengineering; infant; nutrition; alternative; dairy; formulations","infant; nutrition"
"heartbest","Heartbest","food ingredients and biofactories","k12_cluster_5","19.6","0.8","curated","yes","Source-backed profile is plant-based dairy and food transition infrastructure.","https://theyieldlablatam.com/companies/heartbest/","reviewed","plant; dairy; formulation; alternatives","beverage"
"inbioar","Inbioar","food ingredients and biofactories","k12_cluster_5","45","14.2","high","no","","https://inbioar.com/","reviewed","plant; extract; libraries; collection; greenhouse; trials","agroindustry; crop; protection"
"innovai","Innovai","food ingredients and biofactories","k12_cluster_5","37.9","33.9","high","no","","https://theganeshalab.com/startup/innovai/","reviewed","bioactive; compounds; preservation; seafood; processing","seafood; supply; chains"
"kresko_rnatech","Kresko RNAtech","food ingredients and biofactories","k12_cluster_5","41.5","40","high","no","","https://sosv.com/company/kresko-rnatech/","reviewed","bioactive; isolation; extracts; functional; ingredients; stabilization","nutrition"
"levya","Levya","food ingredients and biofactories","k12_cluster_5","34.3","8.5","medium","no","","https://levyabio.com/","reviewed","wild; yeast; strains; precisionfermentation; lipid; profiling","cosmetics; personal; ingredients"
"lipock","Lipock","food ingredients and biofactories","k12_cluster_5","22.3","12.3","high","no","","https://www.gridexponential.com/portfolio","reviewed","lipid; nanocapsules; encapsulation; drugdelivery; hydrophobic; actives","therapeutics; cosmetics; bioactive; formulation"
"matchetune","Matchetune","food ingredients and biofactories","k12_cluster_5","40.4","32.5","high","no","","https://chileglobalventures.cl/portafolio/matchetune/","reviewed","nanotechnology; nutraceutical; formulation; bioactives","functional; foods; nutraceutical"
"michroma","Michroma","food ingredients and biofactories","k12_cluster_5","30.5","1.5","curated","yes","Source-backed profile is fungal precision fermentation for natural food ingredients and colors.","https://www.michroma.co/","reviewed","fermentation; fungal; microbial; engineering","beverage; consumer; ingredients"
"microterra","MicroTerra","food ingredients and biofactories","k12_cluster_5","62.5","53.1","high","no","","https://sosv.com/company/microterra/","reviewed","lemna; cultivation; aquafarm; integration; plant; ingredients","plant; ingredients"
"nanoingreen","Nanoingreen","food ingredients and biofactories","k12_cluster_5","36.1","20.3","high","no","","https://www.nanoingreen.com/","reviewed","nanotechnology; ingredients; encapsulation","cosmetics"
"nat4bio","Nat4Bio","food ingredients and biofactories","k12_cluster_5","19.4","2.2","curated","yes","Source-backed profile is edible coatings and post-harvest food-preservation biotech.","https://www.nat4bio.com/","reviewed","edible; coatings; microbial; biopolymers; antimicrobials; grade","fresh; fruit; exports; preservation; waste; reduction"
"naturannova","Naturannova","food ingredients and biofactories","k12_cluster_5","33.1","23.6","high","no","","https://naturannova.com/","reviewed","bioinformatics; validation; microorganism","ingredients; proteins; innovation"
"nude","Nude","food ingredients and biofactories","k12_cluster_5","37.9","17.1","high","no","","https://heynude.com.br/","reviewed","formulation; ingredients; carbon; footprint; accounting; plant","plant; dairy; alternatives; retail"
"sciphage","SciPhage","food ingredients and biofactories","k12_cluster_5","20.5","12.4","high","no","","https://www.f6s.com/company/ciencia-y-tecnologia-de-fagos-sciphage1","reviewed","bacteriophages; animal; antimicrobial; resistance","animal; poultry; safety"
"tomorrow_foods","Tomorrow Foods","food ingredients and biofactories","k12_cluster_5","59.6","47.8","high","no","","https://www.tomorrowfoods.com.ar/nosotros","reviewed","proteins; formulation; ingredients; processing; fermentation","beverage"
"werk-nvac","WerkénVac","food ingredients and biofactories","k12_cluster_5","32.7","25","high","no","","https://www.gridexponential.com/portfolio","reviewed","sarna; vaccines; aquaculture; animal; fish; immunology","aquaculture; animal"
"agree","Agree","grain traceability and producer infrastructure","k12_cluster_4","39.2","27.6","high","no","","https://www.agree.ag/home-en.html","reviewed","marketplace; traceability; sustainability; workflows; quota; barter","agri; chains"
"agricapital","Agricapital","grain traceability and producer infrastructure","k12_cluster_4","47.5","38.7","high","no","","https://agricapital.com.co/","reviewed","credit; mobile; workflows; agro; store; network","smallholder"
"agrired","Agrired","grain traceability and producer infrastructure","k12_cluster_4","36.8","31.2","high","no","","https://www.agrired.com.ar/","reviewed","marketplace; pricing; analytics; logistics; coordination","seeds; fertilizers; agrochemicals"
"agroforte","Agroforte","grain traceability and producer infrastructure","k12_cluster_4","32.4","3.3","curated","yes","Source-backed profile is rural finance and production infrastructure for animal-protein systems; not direct ag biologicals.","https://theyieldlablatam.com/companies/agroforte/","reviewed","digital; bank; credit; risk; data","animal; proteins; supply; chains"
"agrofy","Agrofy","grain traceability and producer infrastructure","k12_cluster_4","37","30.7","high","no","","https://www.agrofy.com/","reviewed","marketplace; agfintech; inputs; machinery; credit; commerce","agribusiness; commerce; finance"
"agrojusto","Agrojusto","grain traceability and producer infrastructure","k12_cluster_4","47.2","35.6","curated","yes","Source-backed profile is producer and agri-food chain infrastructure, not biological inputs.","https://agrojustoinc.com/","reviewed","traceability; rural; digitization; producer; access; chain","growers; public; agencies; value; chains"
"agrolend","Agrolend","grain traceability and producer infrastructure","k12_cluster_4","38.9","16.7","high","no","","https://spventures.com.br/portfolio/agrolend/","reviewed","credit; receivables; risk; monitoring; producer; finance","farmers; agribusiness; credit; investors; rural; finance"
"agrotoken","Agrotoken","grain traceability and producer infrastructure","k12_cluster_4","50.2","40.5","high","no","","https://landing.test.agrotoken.io/en/home","reviewed","blockchain; tokenization; traceability; collateral","agribusiness; energy; mining; supply; chains"
"arado","Arado","grain traceability and producer infrastructure","k12_cluster_4","35.2","26","high","no","","https://www.sobre.arado.com.br/","reviewed","fresh; marketplace; farmer; income; waste; reduction","fresh; family; farming; supply; chains"
"cerradox","CerradoX","grain traceability and producer infrastructure","k12_cluster_4","28.6","8.3","curated","yes","Source-backed profile is traceable crop-production and producer infrastructure for high-value agriculture.","https://cerradox.com/","reviewed","planning; traceability; farm","sized; farming; operations"
"culttivo","Culttivo","grain traceability and producer infrastructure","k12_cluster_4","34.8","16.3","high","no","","https://theyieldlablatam.com/companies/culttivo/","reviewed","satellite; imagery; advanced; analytics; risk; climate","coffee; finance"
"goflux","goFlux","grain traceability and producer infrastructure","k12_cluster_4","30.6","19.2","high","no","","https://goflux.com.br/","reviewed","freight; saas; decision; support; road; logistics","agribusiness; road; freight; logistics"
"incluirtec","Incluirtec","grain traceability and producer infrastructure","k12_cluster_4","40.2","28.7","high","no","","https://www.incluirtec.co/","reviewed","agrifintech; risk; workflows; rural; finance; orchestration","smallholder; rural; productive"
"logshare","LogShare","grain traceability and producer infrastructure","k12_cluster_4","31.9","17.4","curated","yes","Source-backed profile is logistics coordination for material supply chains; closest operating category is agri-food/producer infrastructure.","https://www.logshare.com.br/embarcadores?lang=en","reviewed","collaborative; freight; sharing; route; matching; monitoring","cargo; transportation; logistics; supply; chains"
"muta","MUTA","grain traceability and producer infrastructure","k12_cluster_4","34.7","28.5","high","no","","https://www.f6s.com/company/muta-world","reviewed","recycling; supply; chain; traceability; logistics; orchestration","recycling; circular; economy; recovery"
"nilus","Nilus","grain traceability and producer infrastructure","k12_cluster_4","27.4","20.1","high","no","","https://newtopia.vc/portfolio/","reviewed","rescue; surplus; circular; logistics; access; affordability","access; waste; reduction; urban"
"produzindo-certo","Produzindo Certo","grain traceability and producer infrastructure","k12_cluster_4","46.3","38.1","high","no","","https://theyieldlablatam.com/portfolio/","reviewed","traceability; sustainability; verification; producer; matching","agribusiness; value; chains"
"seedz","Seedz","grain traceability and producer infrastructure","k12_cluster_4","36.8","18.6","high","no","","https://www.seedz.ag/","reviewed","loyalty; producer; engagement; payments; credit; access","agribusiness; channels; growers; input"
"sette","Sette","grain traceability and producer infrastructure","k12_cluster_4","34.6","25.5","high","no","","https://www.sette.ag/","reviewed","digital; signatures; registration; collateral; registry; satellite","finance; rural; credit"
"terramagna","TerraMagna","grain traceability and producer infrastructure","k12_cluster_4","39.9","28.8","high","no","","https://terramagna.com.br/","reviewed","credit; fiagro; fidc; receivables; input; distributor","finance; input; distribution"
"tracestory","Tracestory","grain traceability and producer infrastructure","k12_cluster_4","48.3","33.3","high","no","","https://www.tracestory.com/en/home","reviewed","digital; passport; supply; chain; traceability; sustainability","supply; chains"
"traive","Traive","grain traceability and producer infrastructure","k12_cluster_4","53.9","40.5","high","no","","https://traive.com.br/en/","reviewed","credit; scoring; receivables; risk; analysis; traceability","agribusiness; finance; rural; chains"
"tuplaza","TuPlaza","grain traceability and producer infrastructure","k12_cluster_4","30.7","14","high","no","","https://www.f6s.com/company/tuplaza","reviewed","fresh; marketplace; farmer; connection; distribution; supply","fresh; distribution"
"verqor","Verqor","grain traceability and producer infrastructure","k12_cluster_4","45.1","28.9","high","no","","https://verqor.com/sobre-verqor","reviewed","digital; finance; credit; workflows; producer; financing","rural; finance"
"zavia_bio","Zavia Bio","grain traceability and producer infrastructure","k12_cluster_4","21.5","6.3","medium","no","","https://www.f6s.com/company/zavia-bio","reviewed","biological; biotechnology",""
"biodiversity_intelligence","Biodiversity Intelligence","resource recovery and remediation","k12_cluster_10","37.8","21.5","high","no","","https://www.gridexponential.com/portfolio","reviewed","environmental; satellite; analytics; biodiversity; monitoring; nature","nature; reporting; conservation; land; stewardship"
"biomas","Biomas","resource recovery and remediation","k12_cluster_10","48.7","44.1","high","no","","https://www.biomas.com/en","reviewed","native; tree; planting; ecological; restoration; carbon","ecosystem; restoration; carbon; credits"
"branch_energy","Branch Energy","resource recovery and remediation","k12_cluster_10","38.7","21.2","high","no","","https://www.linkedin.com/company/branch-energy","reviewed","batteries; energy; analytics; carbon; reduction; resilience","commercial; energy; transition; customers"
"caligenia","Caligenia","resource recovery and remediation","k12_cluster_10","33.5","13.4","high","no","","https://www.caligenia.com/","reviewed","organic; waste; valorization; biochar; biotechnology; microorganisms","soil; restoration; carbon; storage"
"carbonext","Carbonext","resource recovery and remediation","k12_cluster_10","54.2","41.8","high","no","","https://www.carbonext.com.br/en/","reviewed","redd; forest; conservation; carbon; credits; emissions","forest; conservation; carbon"
"courageous_land","Courageous Land","resource recovery and remediation","k12_cluster_10","41.2","30.9","high","no","","https://www.courageousland.com/","reviewed","reforestation; agroforestry","land; restoration"
"einsted","Einsted","resource recovery and remediation","k12_cluster_10","50.5","46.8","high","no","","https://einsted.bio/","reviewed","pulsed; nano; plasma; pyrolysis; methane; hydrogen","decarbonization; hydrogen; carbon"
"gigablue","Gigablue","resource recovery and remediation","k12_cluster_10","48.4","41.9","high","no","","https://www.gigablue.co/about","reviewed","microalgae; carbon; fixation; sinking; oceanographic; intelligence","ocean; carbonremoval; climate; resilience"
"HIAMET","HIAMET","resource recovery and remediation","k12_cluster_10","23.2","5.3","medium","no","","https://www.hiamet.com/","reviewed","additives; biodigester; analysis; pilot; plant; validation","biogas; organic; waste; environmental"
"huiro","Huiro","resource recovery and remediation","k12_cluster_10","41.6","28","high","no","","https://www.huiroregenerativo.com/en","reviewed","regenerative; aquaculture; seaweed; cultivation; ecosystem; restoration","marine; ecosystems; coastal; communities; blue; bioeconomy"
"lemu","Lemu","resource recovery and remediation","k12_cluster_10","43.5","34.5","high","no","","https://www.le.mu/","reviewed","biodiversity; satellite; imagery; ecological; indicators; nature","biodiversity; conservation; land; stewardship; nature; positive"
"mombak","Mombak","resource recovery and remediation","k12_cluster_10","34.4","29.8","high","no","","https://mombak.com/","reviewed","native; reforestation; carbonremoval; forestry; science; carbon","forest; restoration; carbonremoval"
"moss","Moss","resource recovery and remediation","k12_cluster_10","42.5","34.6","high","no","","https://spventures.com.br/portfolio/","reviewed","carbon; credits; nature; finance; environmental; asset","carbon; nature; climate; mitigation"
"nativas","Nativas","resource recovery and remediation","k12_cluster_10","29.1","17.6","high","no","","https://nativas.la/","reviewed","satellite; ecological; models; blockchain; evidence; ecosystem","regenerative; nature; finance"
"nideport","Nideport","resource recovery and remediation","k12_cluster_10","62","49.5","high","no","","https://demo.nideport.com/en/blog/first-certified-carbon-credit-project-misiones-argentina","reviewed","carbon; credits; ecosystem; restoration; biodiversity; conservation","carbon; ecosystem; restoration"
"nocarbon_milk","NoCarbon Milk","resource recovery and remediation","k12_cluster_10","38","26.6","high","no","","https://www.milkpoint.com.br/noticias-e-mercado/giro-noticias/primeiro-leite-carbono-neutro-e-lancado-no-brasil-226155/","reviewed","organic; dairy; carbon; neutral; animal; welfare","dairy; animal; proteins"
"notfossil","NotFossil","resource recovery and remediation","k12_cluster_10","15.2","1.8","curated","yes","Source-backed profile is microbial biofilters and hydrocarbon degradation for environmental remediation; algorithm incorrectly pulls toward therapeutics.","https://sf500.com.ar/","reviewed","biofilters; proprietary; microbes; hydrocarbon; degradation; environmental","environmental; remediation; contamination"
"ocular_bio_design","Ocular Bio Design","resource recovery and remediation","k12_cluster_10","30.8","20.1","high","no","","https://conecta.tec.mx/en/news/national/entrepreneurs/how-tec-community-develops-solutions-social-purpose-and-science","reviewed","tissue; engineering; corneal; cells; culture; biomaterials","regenerative; medicine; ophthalmology"
"poas_bioenergy","Poás Bioenergy","resource recovery and remediation","k12_cluster_10","51.4","40.5","high","no","","https://www.poasbioenergy.com/","reviewed","biomass; gasification; syngas; biochar","process; heat; soil; carbon"
"re_green","re.green","resource recovery and remediation","k12_cluster_10","46.4","42","high","no","","https://re.green/en/","reviewed","native; species; restoration; degraded; land; analysis","forest; restoration; carbon"
"ruuts","Ruuts","resource recovery and remediation","k12_cluster_10","54.3","43.6","high","no","","https://ruuts.la/","reviewed","carbon; programs; ecological; monitoring; regenerative; producer","land; carbon; programs"
"satellites_on_fire","Satellites on Fire","resource recovery and remediation","k12_cluster_10","30.8","20.3","high","no","","https://www.satellitesonfire.com/en","reviewed","satellite; monitoring; cameras; fire; detection; early","forests; land; conservation; climate; risk; response"
"satellogic","Satellogic","resource recovery and remediation","k12_cluster_10","35.4","18.8","high","no","","https://satellogic.com/earth-observation/environment-climate/","reviewed","satellite; imagery; earth; observation; geospatial; analytics","environmental; conservation; climate; monitoring"
"sensify","Sensify","resource recovery and remediation","k12_cluster_10","19.3","1.9","curated","yes","Source-backed profile is cold-chain resource efficiency for food systems; keep with resource/planetary infrastructure rather than crop biologicals.","https://www.sensify.com.ar/","reviewed","refrigeration; monitoring; cold; chain; analytics; energy","beverages; dairy; meat; refrigerated; retail"
"solfium","Solfium","resource recovery and remediation","k12_cluster_10","28.4","16","high","no","","https://solfium.com/en/","reviewed","solar; deployment; energy; storage; mobility; value","energy; transition; solar; storage; mobility"
"splight","Splight","resource recovery and remediation","k12_cluster_10","34.5","16.8","curated","yes","Source-backed profile is grid and renewable-energy optimization for planetary/resource transition, not bio-health.","https://content.splight-ai.com/blog/ai-powered-grids-the-future-of-efficient-renewable-energy","reviewed","grid; optimization; renewable; energy; forecasting; derms","renewable; energy; electric; grids; climate"
"synthetic_ocular_restoration","Synthetic Ocular Restoration","resource recovery and remediation","k12_cluster_10","27.9","15.4","high","no","","https://sor.international/antecedentes/","reviewed","cells; culture; tissue; engineering; biomaterials; scaffolds","ophthalmology; regenerative; medicine"
"um_grau_e_meio","Um Grau e Meio","resource recovery and remediation","k12_cluster_10","24","14.9","high","no","","https://theyieldlablatam.com/companies/um-grau-e-meio/","reviewed","vision; resolution; cameras; wildfire; detection; forest","forest; conservation; wildfire; prevention; climate; resilience"
"waterplan","Waterplan","resource recovery and remediation","k12_cluster_10","20.7","7.9","curated","yes","Source-backed profile is water-risk and stewardship intelligence for planetary-boundary resource management.","https://www.waterplan.com/","reviewed","water; risk; analytics; local; environmental; data","water; dependent; industries; watersheds; climate; risk"
"amplify-dynamics","Amplify Dynamics","therapeutics and regenerative bio","k12_cluster_1","24.6","14.5","high","no","","https://amplify-dynamics.com/","reviewed","ultrasound; separation; microfluidic; flows; nanoparticle; purification","pharmaceutical; bioprocessing; gene; therapy; nanotherapeutics"
"apasomics","Apasomics","therapeutics and regenerative bio","k12_cluster_1","35.8","19.9","high","no","","https://www.apasomics.com/","reviewed","nanotechnology; bone; targeted; drugdelivery; hydroxyapatite; nanospheres","bone; regenerative; medicine"
"ardan","Ardan","therapeutics and regenerative bio","k12_cluster_1","38.2","21.8","high","no","","https://ardan-pharma.com/","reviewed","molecule; modulators; tmem; immuno; oncology; drug","oncology; immunotherapy"
"asclepii","Asclepii","therapeutics and regenerative bio","k12_cluster_1","21.4","2.2","curated","yes","Source-backed profile is regenerative wound and tissue repair; low-margin algorithm placement should remain health/regenerative.","https://asclepii.com/","reviewed","regenerative; medicine; wound; tissue; repair; nanosilver","wound; tissue; repair; hospitals; medicine"
"biosynaptica","BioSynaptica","therapeutics and regenerative bio","k12_cluster_1","24.6","13.5","high","no","","https://biosynaptica.com/","reviewed","biopharmaceuticals; erythropoietin; derivatives; neuropharmaceuticals; neurodegenerative; disease","neurology; therapeutics; pharmaceutical"
"cell_farm","Cell Farm","therapeutics and regenerative bio","k12_cluster_1","32.9","19.8","high","no","","https://www.cell.farm/","reviewed","cellular","cultivated; meat; cellular"
"cytbac","Cytbac","therapeutics and regenerative bio","k12_cluster_1","19.9","13.1","high","no","","https://wiselatinamerica.com/Proyecto_Detalle.aspx?proyecto_id=1064","reviewed","predictive; genomics; engineered; insect; virus; vectors","human; animal"
"dharma_bioscience","Dharma BioScience","therapeutics and regenerative bio","k12_cluster_1","34.6","18.5","high","no","","https://sf500.com.ar/","reviewed","regenerative; medicine; tissue; regeneration; repair; therapeutics","tissue; repair; regenerative; medicine; therapeutics"
"eolo_pharma","Eolo Pharma","therapeutics and regenerative bio","k12_cluster_1","24.5","20.7","high","no","","https://eolo-pharma.com/","reviewed","novel; molecules; thermogenesis; pathway; modulation","obesity; metabolic; disease"
"invitrall","Invitrall","therapeutics and regenerative bio","k12_cluster_1","38.2","26.3","high","no","","https://www.gridexponential.com/portfolio","reviewed","vitro; organ; models; human; tissue; toxicology","drug; discovery; toxicology; pharma; regenerative; medicine"
"metabix-biotech","metaBIX Biotech","therapeutics and regenerative bio","k12_cluster_1","17.9","11.2","high","no","","https://mtec-sc.org/life-sciences/metabix-biotech","reviewed","environmental; sampling; biotechnology; hardware; disease; prediction","animal; plant; human; biosecurity"
"microin","MicroIN","therapeutics and regenerative bio","k12_cluster_1","30.8","22","high","no","","https://www.gridexponential.com/portfolio","reviewed","microencapsulation; bioinputs; formulation",""
"momentum-therapeutics","Momentum Therapeutics","therapeutics and regenerative bio","k12_cluster_1","42.3","16.5","high","no","","https://zentynel.com/en/portfolio/","reviewed","proteomics; biological; models; drug; discovery","neurodegeneration; aging; therapeutics"
"nanoprox","NanoproX","therapeutics and regenerative bio","k12_cluster_1","21.7","13.7","high","no","","https://www.nanoprox.com/","reviewed","bismuth; sulfide; nanoparticles; targeted; radiosensitization; oncology","oncology; radiotherapy; providers"
"nanotransfer","Nanotransfer","therapeutics and regenerative bio","k12_cluster_1","29.2","12.2","high","no","","https://nanotransfer.bio/","reviewed","metal; oxide; nanoparticles; viral; gene","gene; therapy; genetic; disease"
"new_organs_biotech","New Organs Biotech","therapeutics and regenerative bio","k12_cluster_1","25.5","15.9","high","no","","https://www.gridexponential.com/portfolio","reviewed","gene; editing; precision; medicine; regenerative; organ","transplant; medicine; regenerative; organ; replacement"
"outpost","Outpost","therapeutics and regenerative bio","k12_cluster_1","18.1","4","low","no","","https://www.outpost.bio/","reviewed","microbiome; modeling; microbiology; machine; learning; foundation","pharma; consumer; microbiome"
"pepton","Pepton","therapeutics and regenerative bio","k12_cluster_1","19.1","12","high","no","","https://cites-gss.com/en/alianza-estrategica-con-uovo-para-impulsar-pepton-y-revolucionar-la-biotecnologia-en-argentina/","reviewed","biomolecular; discovery; antimicrobial; animal; human","human; animal"
"phylumtech","PhylumTech","therapeutics and regenerative bio","k12_cluster_1","25.8","17.8","high","no","","https://www.phylumtech.com/home/en/company/","reviewed","biotechnology; automation; bioinformatics; behavioral; screening","drug; discovery; biomedical"
"pill_ar","Pill.AR","therapeutics and regenerative bio","k12_cluster_1","18","9.1","medium","no","","https://pill.ar/","reviewed","printing; personalized; medicine; pharmaceutical; formulation; dose","pharmacies; centers; personalized; therapeutics"
"plamic","Plamic","therapeutics and regenerative bio","k12_cluster_1","34.9","23.9","high","no","","https://www.argentina.gob.ar/ciencia/seppCTI/desarrollo-tecnologico-e-innovacion/diseno-fabricacion-y-caracterizacion-de-chips-o","reviewed","microfluidics; chip; nanomedicine; drugdelivery; formulation; characterization","pharmaceutical; manufacturing"
"plamic_biotech","Plamic Biotech","therapeutics and regenerative bio","k12_cluster_1","23.1","12.4","high","no","","https://www.argentina.gob.ar/noticias/se-conocieron-los-ganadores-del-concurso-innova-salud","reviewed","microfluidic; chips; nanomedicine; synthesis; predictive; treatment","cancer; therapeutics; personalized; medicine"
"qnity","Qnity","therapeutics and regenerative bio","k12_cluster_1","20.3","5.6","medium","no","","https://www.qnity.bio/","reviewed","quantum; electrochemistry; electrochemical; sensors; drug; discovery","drug; discovery; pharma"
"radbio","Radbio","therapeutics and regenerative bio","k12_cluster_1","45","15.2","high","no","","https://radbiopharm.com/","reviewed","biologic; therapeutics; beta; modulation; biomolecule; development","fibrosis; oncology; complex; chronic; disease; therapeutics"
"resistia","Resistia","therapeutics and regenerative bio","k12_cluster_1","22.8","12","high","no","","https://www.linkedin.com/company/resistia","reviewed","microbiota; compounds; antimicrobial; formulations; biofilm","human; infectious; disease; antimicrobial; resistance"
"scitherm_therapeutics","Scitherm Therapeutics","therapeutics and regenerative bio","k12_cluster_1","36.4","12.5","high","no","","https://scitherm.bio/","reviewed","silico; molecular; design; vitro; validation","obesity; metabolic; disease"
"single_strand_biotech","Single Strand Biotech","therapeutics and regenerative bio","k12_cluster_1","31.9","15.5","high","no","","https://www.singlestrand.com/","reviewed","synthetic; oligonucleotides; immunomodulation; tissue; regeneration","inflammatory; disease; therapeutics"
"tesabio_ai","Tesabio.ai","therapeutics and regenerative bio","k12_cluster_1","38.7","16.5","high","no","","https://www.tesabio.ai/","reviewed","drug; discovery; microrna; network; modulation; molecules","oncology; neurodegeneration; anemia; immune; disorders"
"trebe_biotech","Trebe Biotech","therapeutics and regenerative bio","k12_cluster_1","28.2","14.7","high","no","","https://sf500.com.ar/","reviewed","complex; proteins; biomanufacturing; biotechnology; fermentation; adjacent","ingredients; biological; manufacturing"
"untech","UnTech","therapeutics and regenerative bio","k12_cluster_1","25.1","20.1","high","no","","https://www.untech.bio/our-solution/","reviewed","wound; innovation","healthcare"
"vexxel_biotech","Vexxel Biotech","therapeutics and regenerative bio","k12_cluster_1","28.6","19.4","high","no","","https://www.gridexponential.com/portfolio","reviewed","proteins; encapsulation; biological","bioinputs"
